,0,1,2,3,4,5,6,7,8,9,10,11,12,13
0,69.35888699999941,43.974121000000196,69.61523400000078,98.58984400000008,96.2822270000006,96.0258789999998,93.9741210000002,93.84619099999964,82.43603499999972,72.94873000000007,68.0771479999994,73.7177729999994,-111.41015600000037,92.43603499999972
1,67.05126999999993,29.74365200000011,68.20507799999996,93.58984400000008,100.76904300000024,92.82031300000017,95.0,92.56396500000028,79.87158199999976,78.7177729999994,65.89746099999957,73.9741210000002,-118.20507799999996,93.3334960000002
2,73.7177729999994,22.17968800000017,75.64111300000059,95.25634799999989,120.76904300000024,107.82031300000017,104.74365200000011,99.74365200000011,85.89746099999957,93.46142599999985,70.0,83.3334960000002,-116.79492200000004,89.61523400000078
3,89.74365200000011,30.641113000000587,90.64111300000059,105.64111300000059,156.9228520000006,136.2822270000006,119.74365200000011,113.9741210000002,99.23095699999976,113.0771479999994,80.76904300000024,100.38476599999922,-103.71801800000003,88.0771479999994
4,106.53857400000015,53.974121000000196,105.0,120.0,187.94873000000007,158.58984400000008,130.12841800000024,126.2822270000006,110.89746099999957,127.69238299999961,91.9228520000006,115.25634799999989,-87.94872999999961,91.79492200000004
5,111.15380900000036,77.94873000000007,108.20507799999996,127.69238299999961,181.15380900000036,154.3588869999994,125.89746099999957,125.51269500000035,111.2822270000006,127.56396500000028,94.10253900000043,115.76904300000024,-82.94872999999961,94.35888699999941
6,97.05126999999993,84.35888699999941,95.76904300000024,121.15380900000036,123.9741210000002,120.64111300000059,105.89746099999957,108.46142599999985,98.0771479999994,110.12841800000024,82.69238299999961,97.94873000000007,-93.71801800000003,90.76904300000024
7,71.79492200000004,65.0,74.35888699999941,103.58984400000008,47.43603499999972,78.58984400000008,81.41015599999992,83.9741210000002,78.3334960000002,83.58984400000008,63.7177729999994,73.20507799999996,-110.89746100000002,85.89746099999957
8,52.69238299999961,27.82031300000017,57.43603499999972,87.94873000000007,6.666503999999804,58.20507799999996,68.9741210000002,67.69238299999961,63.846190999999635,62.30761700000039,49.35888699999941,60.0,-121.41015600000037,86.2822270000006
9,52.43603499999972,-8.076904000000013,55.64111300000059,85.76904300000024,32.69238299999961,73.20507799999996,76.41015599999992,69.87158199999976,61.9228520000006,57.82031300000017,48.589844000000085,68.7177729999994,-121.15380900000036,89.74365200000011
10,70.0,-24.487060999999812,68.7177729999994,98.58984400000008,101.9228520000006,108.9741210000002,96.2822270000006,87.05126999999993,70.51269500000035,71.9228520000006,60.76904300000024,92.69238299999961,-116.28198199999997,91.0258789999998
11,92.05126999999993,-14.230713000000378,86.41015599999992,116.9228520000006,155.51269500000035,135.6411130000006,111.79492200000004,105.64111300000059,80.89746099999957,97.17968800000017,78.84619099999964,114.48730499999965,-111.92309599999999,91.41015599999992
12,103.9741210000002,14.487304999999651,96.53857400000015,127.82031300000017,148.9741210000002,131.9228520000006,110.38476599999922,111.9228520000006,84.87158199999976,121.79492200000004,95.0,119.74365200000011,-103.58984399999963,94.48730499999965
13,100.89746099999957,42.56396500000028,94.10253900000043,125.51269500000035,90.51269500000035,102.94873000000007,93.9741210000002,102.94873000000007,81.6665039999998,136.41015599999992,105.38476599999922,107.43603499999972,-81.41015600000037,97.17968800000017
14,90.89746099999957,52.30761700000039,84.48730499999965,114.35888699999941,31.666503999999804,74.87158199999976,77.30761700000039,87.69238299999961,78.46142599999985,139.61523400000078,110.51269500000035,89.87158199999976,-42.051270000000386,93.3334960000002
15,86.79492200000004,38.0771479999994,77.69238299999961,104.74365200000011,19.615234000000783,71.41015599999992,74.74365200000011,79.74365200000011,82.69238299999961,136.6665039999998,112.94873000000007,80.89746099999957,4.487304999999651,86.2822270000006
16,94.10253900000043,8.974121000000196,79.10253900000043,102.17968800000017,55.64111300000059,92.94873000000007,88.0771479999994,85.64111300000059,94.23095699999976,133.3334960000002,114.23095699999976,85.12841800000024,39.35888699999941,84.87158199999976
17,107.82031300000017,-18.58984399999963,86.0258789999998,103.0771479999994,100.12841800000024,118.0771479999994,105.38476599999922,100.0,105.0,131.9228520000006,113.84619099999964,94.61523400000078,50.51269500000035,89.87158199999976
18,118.0771479999994,-32.435790999999426,91.9228520000006,100.25634799999989,116.0258789999998,125.89746099999957,113.7177729999994,112.05126999999993,107.82031300000017,133.3334960000002,111.6665039999998,98.3334960000002,44.74365200000011,93.0771479999994
19,119.61523400000078,-31.923095999999987,93.7177729999994,91.0258789999998,102.94873000000007,116.41015599999992,111.41015599999992,115.38476599999922,103.3334960000002,139.61523400000078,110.12841800000024,93.46142599999985,44.87158199999976,90.76904300000024
20,113.58984400000008,-26.538574000000153,92.69238299999961,80.38476599999922,88.46142599999985,106.6665039999998,107.17968800000017,111.6665039999998,98.3334960000002,149.61523400000078,111.79492200000004,86.0258789999998,70.64111300000059,88.9741210000002
21,103.46142599999985,-27.051270000000386,90.51269500000035,73.9741210000002,93.3334960000002,110.76904300000024,108.84619099999964,106.41015599999992,97.17968800000017,156.41015599999992,115.64111300000059,81.6665039999998,121.6665039999998,91.0258789999998
22,92.56396500000028,-35.38452099999995,86.6665039999998,72.69238299999961,110.38476599999922,126.6665039999998,116.2822270000006,102.82031300000017,97.94873000000007,151.15380900000036,117.17968800000017,80.12841800000024,180.0,92.30761700000039
23,85.38476599999922,-43.58984399999963,81.53857400000015,72.94873000000007,116.41015599999992,139.87158199999976,123.0771479999994,101.6665039999998,97.82031300000017,133.0771479999994,114.23095699999976,78.7177729999994,227.82031300000017,89.74365200000011
24,87.56396500000028,-41.153809000000365,78.7177729999994,72.30761700000039,97.82031300000017,137.94873000000007,122.94873000000007,102.56396500000028,97.05126999999993,113.20507799999996,110.25634799999989,77.43603499999972,262.4360349999997,88.58984400000008
25,101.0258789999998,-26.153809000000365,81.6665039999998,71.2822270000006,65.12841800000024,120.89746099999957,114.61523400000078,105.38476599999922,97.82031300000017,105.89746099999957,112.43603499999972,79.35888699999941,296.0258789999998,92.69238299999961
26,121.2822270000006,-4.743652000000111,90.89746099999957,72.30761700000039,42.43603499999972,100.76904300000024,102.56396500000028,108.84619099999964,100.51269500000035,116.53857400000015,124.87158199999976,86.15380900000036,343.0771479999994,96.6665039999998
27,139.7436520000001,15.128418000000238,102.43603499999972,76.0258789999998,44.48730499999965,91.79492200000004,93.58984400000008,111.79492200000004,103.46142599999985,137.05126999999993,143.0771479999994,95.76904300000024,408.7177729999994,94.48730499999965
28,149.87158199999976,30.51269500000035,110.51269500000035,79.74365200000011,62.17968800000017,98.58984400000008,92.94873000000007,112.94873000000007,105.12841800000024,151.53857400000015,157.3076170000004,103.3334960000002,484.10253900000043,90.38476599999922
29,151.41015599999992,42.30761700000039,111.9228520000006,79.10253900000043,71.53857400000015,113.9741210000002,100.25634799999989,113.0771479999994,105.38476599999922,149.23095699999976,160.0,105.38476599999922,553.9741210000002,91.6665039999998
30,150.0,55.76904300000024,107.94873000000007,72.17968800000017,57.56396500000028,126.15380900000036,111.2822270000006,115.76904300000024,105.89746099999957,133.58984400000008,152.56396500000028,103.3334960000002,610.2563479999999,96.2822270000006
31,155.12841800000024,77.82031300000017,104.61523400000078,62.43603499999972,30.25634799999989,129.87158199999976,122.05126999999993,125.12841800000024,110.51269500000035,121.41015599999992,145.12841800000024,103.58984400000008,658.7177729999994,97.56396500000028
32,172.6923829999996,112.56396500000028,107.82031300000017,56.666503999999804,13.205077999999958,128.9741210000002,130.51269500000035,141.0258789999998,121.9228520000006,129.23095699999976,146.2822270000006,111.41015599999992,710.8974609999996,95.64111300000059
33,198.84619099999964,157.6923829999996,117.56396500000028,58.46142599999985,20.769043000000238,128.9741210000002,135.76904300000024,156.0258789999998,136.79492200000004,156.41015599999992,155.76904300000024,124.35888699999941,771.1538090000004,97.05126999999993
34,221.0258789999998,205.38476599999922,126.41015599999992,66.0258789999998,43.589844000000085,131.0258789999998,135.89746099999957,159.10253900000043,146.0258789999998,181.79492200000004,164.7436520000001,133.58984400000008,833.0771479999994,101.79492200000004
35,228.7177729999994,247.6923829999996,126.53857400000015,73.46142599999985,58.46142599999985,130.2563479999999,129.87158199999976,145.2563479999999,140.2563479999999,180.12841800000024,165.6411130000006,131.6665039999998,889.1025390000004,103.0771479999994
36,223.0771479999994,280.12841800000024,116.0258789999998,75.64111300000059,48.20507799999996,120.64111300000059,118.0771479999994,120.0,117.94873000000007,144.48730499999965,158.7177729999994,119.48730499999965,936.6665039999998,99.48730499999965
37,215.38476599999922,303.3334960000002,101.2822270000006,71.41015599999992,13.461425999999847,100.25634799999989,103.3334960000002,95.64111300000059,88.84619099999964,94.48730499999965,149.7436520000001,105.38476599999922,979.1025390000004,97.17968800000017
38,218.0771479999994,322.94873000000007,91.53857400000015,64.87158199999976,-27.435790999999426,76.6665039999998,90.51269500000035,83.20507799999996,67.94873000000007,62.17968800000017,145.0,98.3334960000002,1021.0258789999998,99.35888699999941
39,235.76904300000024,347.17968800000017,92.94873000000007,62.43603499999972,-49.23071300000038,63.20507799999996,85.0,86.41015599999992,65.76904300000024,67.69238299999961,147.17968800000017,101.9228520000006,1066.6665039999998,101.53857400000015
40,262.05126999999993,380.2563479999999,103.9741210000002,66.79492200000004,-36.28198199999997,69.61523400000078,88.7177729999994,99.61523400000078,81.53857400000015,102.94873000000007,153.9741210000002,112.30761700000039,1116.1538090000004,101.53857400000015
41,284.23095699999976,416.4101559999999,115.89746099999957,73.9741210000002,2.9487300000000687,92.30761700000039,97.94873000000007,111.53857400000015,102.82031300000017,139.48730499999965,159.3588869999994,121.2822270000006,1165.1284180000002,103.84619099999964
42,294.23095699999976,444.3588869999994,120.12841800000024,77.94873000000007,41.410155999999915,116.79492200000004,105.76904300000024,113.9741210000002,115.0,150.51269500000035,158.58984400000008,123.20507799999996,1207.8203130000002,110.0
43,294.48730499999965,458.9741210000002,116.41015599999992,76.9228520000006,56.9228520000006,130.89746099999957,108.84619099999964,109.48730499999965,112.69238299999961,131.53857400000015,153.84619099999964,120.64111300000059,1245.256348,113.20507799999996
44,294.3588869999994,467.05126999999993,112.30761700000039,75.0,50.0,133.46142599999985,109.87158199999976,108.0771479999994,102.82031300000017,101.15380900000036,152.6923829999996,121.53857400000015,1282.8203130000002,108.84619099999964
45,298.46142599999985,479.3588869999994,114.23095699999976,75.76904300000024,38.0771479999994,129.48730499999965,111.9228520000006,115.12841800000024,96.41015599999992,84.61523400000078,159.3588869999994,129.48730499999965,1323.9741210000002,103.3334960000002
46,301.15380900000036,496.4101559999999,119.87158199999976,76.79492200000004,34.23095699999976,122.17968800000017,113.3334960000002,124.61523400000078,97.56396500000028,94.35888699999941,168.20507799999996,137.56396500000028,1364.6152340000008,104.23095699999976
47,294.10253900000043,506.53857400000015,121.15380900000036,72.56396500000028,35.64111300000059,111.41015599999992,109.87158199999976,125.89746099999957,101.79492200000004,122.30761700000039,167.43603499999972,135.76904300000024,1395.5126950000003,108.84619099999964
48,277.94873000000007,499.23095699999976,114.48730499999965,60.12841800000024,32.69238299999961,98.9741210000002,101.6665039999998,116.0258789999998,102.82031300000017,147.56396500000028,151.53857400000015,122.69238299999961,1411.794922,110.12841800000024
49,263.3334960000002,479.7436520000001,105.0,43.846190999999635,22.82031300000017,90.89746099999957,95.12841800000024,104.10253900000043,99.61523400000078,152.6923829999996,127.82031300000017,108.0771479999994,1419.2309569999998,108.3334960000002
50,261.0258789999998,467.17968800000017,101.53857400000015,32.30761700000039,14.871581999999762,91.41015599999992,96.53857400000015,101.9228520000006,96.0258789999998,135.12841800000024,111.79492200000004,103.7177729999994,1432.5639650000003,108.9741210000002
51,271.9228520000006,474.6152340000008,107.94873000000007,31.794922000000042,18.461425999999847,98.7177729999994,105.12841800000024,111.6665039999998,94.87158199999976,107.05126999999993,114.10253900000043,112.56396500000028,1463.4614259999998,111.53857400000015
52,286.0258789999998,494.6152340000008,118.9741210000002,39.61523400000078,32.05126999999993,105.12841800000024,112.69238299999961,123.84619099999964,94.35888699999941,85.12841800000024,131.0258789999998,125.51269500000035,1508.3334960000002,110.12841800000024
53,290.76904300000024,506.53857400000015,125.25634799999989,46.025878999999804,41.410155999999915,103.3334960000002,111.41015599999992,125.89746099999957,90.64111300000059,79.10253900000043,148.20507799999996,129.61523400000078,1549.8715819999998,105.51269500000035
54,282.17968800000017,500.0,121.6665039999998,43.46142599999985,34.23095699999976,93.58984400000008,100.64111300000059,114.10253900000043,82.43603499999972,87.69238299999961,152.43603499999972,120.12841800000024,1573.7177729999994,104.23095699999976
55,270.2563479999999,484.48730499999965,111.79492200000004,33.846190999999635,13.846190999999635,84.23095699999976,87.30761700000039,96.9228520000006,74.10253900000043,102.69238299999961,143.46142599999985,105.25634799999989,1582.1796880000002,107.43603499999972
56,268.5898440000001,476.4101559999999,104.74365200000011,26.025878999999804,-3.077147999999397,83.46142599999985,80.0,87.30761700000039,70.64111300000059,113.20507799999996,131.9228520000006,97.94873000000007,1587.94873,109.48730499999965
57,279.87158199999976,480.51269500000035,105.89746099999957,26.282227000000603,-3.2050779999999577,89.74365200000011,81.15380900000036,90.64111300000059,74.10253900000043,111.15380900000036,128.84619099999964,104.35888699999941,1598.3334960000002,107.69238299999961
58,293.20507799999996,487.4360349999997,113.7177729999994,33.0771479999994,13.333496000000196,95.51269500000035,87.56396500000028,103.3334960000002,82.43603499999972,98.58984400000008,136.79492200000004,119.10253900000043,1612.05127,107.82031300000017
59,297.5639650000003,485.6411130000006,122.94873000000007,39.102539000000434,37.82031300000017,96.9228520000006,96.15380900000036,117.43603499999972,92.69238299999961,87.82031300000017,151.79492200000004,132.43603499999972,1628.9741210000002,112.69238299999961
60,293.7177729999994,475.3847659999992,129.48730499999965,38.7177729999994,59.102539000000434,97.82031300000017,105.64111300000059,127.56396500000028,103.20507799999996,91.79492200000004,166.41015599999992,138.84619099999964,1653.3334960000002,117.05126999999993
61,290.89746099999957,468.84619099999964,132.43603499999972,32.30761700000039,68.20507799999996,102.82031300000017,114.74365200000011,131.0258789999998,111.41015599999992,110.76904300000024,173.46142599999985,138.7177729999994,1683.4614259999998,117.17968800000017
62,295.3847659999992,477.17968800000017,132.3076170000004,25.128418000000238,61.153809000000365,109.10253900000043,119.61523400000078,127.30761700000039,114.10253900000043,131.41015599999992,169.61523400000078,135.0,1707.5639650000003,117.69238299999961
63,304.23095699999976,497.4360349999997,129.7436520000001,21.666503999999804,43.846190999999635,109.61523400000078,117.43603499999972,118.3334960000002,110.12841800000024,139.87158199999976,158.0771479999994,130.2563479999999,1713.0771479999994,122.69238299999961
64,308.5898440000001,511.0258789999998,125.38476599999922,22.30761700000039,27.05126999999993,99.74365200000011,108.58984400000008,108.58984400000008,102.30761700000039,133.46142599999985,147.56396500000028,125.51269500000035,1700.1284180000002,127.69238299999961
65,302.4360349999997,498.46142599999985,120.0,22.17968800000017,16.410155999999915,81.53857400000015,96.41015599999992,101.6665039999998,94.61523400000078,118.46142599999985,144.7436520000001,120.51269500000035,1683.205078,126.9228520000006
66,289.23095699999976,458.3334960000002,114.74365200000011,16.410155999999915,10.0,64.10253900000043,85.64111300000059,100.25634799999989,90.0,101.9228520000006,149.87158199999976,116.2822270000006,1678.0771479999994,123.58984400000008
67,280.0,414.3588869999994,113.46142599999985,6.794922000000042,10.0,60.0,82.30761700000039,105.64111300000059,90.25634799999989,88.0771479999994,157.6923829999996,115.89746099999957,1689.4873049999997,125.12841800000024
68,282.82031300000017,398.0771479999994,118.58984400000008,0.8974609999995664,24.230956999999762,75.89746099999957,89.48730499999965,116.53857400000015,95.51269500000035,79.61523400000078,162.17968800000017,121.9228520000006,1707.1796880000002,130.89746099999957
69,293.3334960000002,420.51269500000035,127.43603499999972,4.871581999999762,52.56396500000028,103.58984400000008,101.79492200000004,126.0258789999998,102.56396500000028,78.9741210000002,158.7177729999994,130.0,1715.6411130000006,133.58984400000008
70,297.5639650000003,459.7436520000001,132.17968800000017,15.512695000000349,75.76904300000024,122.69238299999961,108.0771479999994,124.35888699999941,104.61523400000078,86.41015599999992,146.53857400000015,131.15380900000036,1706.6665039999998,132.3076170000004
71,286.2822270000006,480.76904300000024,127.17968800000017,22.56396500000028,70.25634799999989,117.82031300000017,101.53857400000015,108.3334960000002,97.30761700000039,97.82031300000017,129.7436520000001,119.74365200000011,1685.0,132.05126999999993
72,265.2563479999999,467.17968800000017,115.25634799999989,18.461425999999847,32.82031300000017,91.9228520000006,86.6665039999998,86.0258789999998,81.9228520000006,105.38476599999922,116.15380900000036,101.15380900000036,1664.1025390000004,133.46142599999985
73,249.61523400000078,433.5898440000001,105.51269500000035,4.871581999999762,-13.205077999999958,64.48730499999965,75.12841800000024,71.41015599999992,65.51269500000035,102.43603499999972,112.69238299999961,88.20507799999996,1656.410156,132.05126999999993
74,250.76904300000024,407.6923829999996,105.25634799999989,-7.948729999999614,-36.66674799999964,54.35888699999941,75.38476599999922,73.84619099999964,56.153809000000365,89.23095699999976,121.0258789999998,90.0,1663.0771479999994,128.7177729999994
75,267.4360349999997,406.15380900000036,115.12841800000024,-10.769286999999622,-23.076904000000013,66.41015599999992,86.2822270000006,91.15380900000036,59.23095699999976,75.12841800000024,135.76904300000024,105.12841800000024,1674.8715819999998,130.2563479999999
76,289.7436520000001,425.6411130000006,129.23095699999976,-1.153809000000365,19.102539000000434,91.15380900000036,101.53857400000015,113.7177729999994,75.12841800000024,71.41015599999992,148.9741210000002,123.84619099999964,1682.05127,137.3076170000004
77,307.6923829999996,451.2822270000006,141.41015599999992,14.743652000000111,68.46142599999985,114.87158199999976,114.87158199999976,131.2822270000006,98.58984400000008,82.56396500000028,154.3588869999994,137.56396500000028,1682.8203130000002,141.9228520000006
78,316.53857400000015,469.6152340000008,147.82031300000017,27.30761700000039,103.9741210000002,128.0771479999994,122.94873000000007,138.0771479999994,120.38476599999922,103.9741210000002,151.79492200000004,142.94873000000007,1682.8203130000002,139.3588869999994
79,316.4101559999999,472.94873000000007,147.6923829999996,29.358886999999413,111.79492200000004,127.17968800000017,123.7177729999994,134.48730499999965,130.12841800000024,125.12841800000024,145.2563479999999,141.6665039999998,1684.743652,135.38476599999922
80,309.3588869999994,461.4101559999999,142.94873000000007,19.871581999999762,88.3334960000002,113.7177729999994,116.79492200000004,125.12841800000024,122.56396500000028,134.87158199999976,138.7177729999994,136.9228520000006,1681.2822270000006,136.0258789999998
81,298.9741210000002,442.4360349999997,136.15380900000036,4.743652000000111,42.05126999999993,92.82031300000017,104.48730499999965,115.76904300000024,101.15380900000036,125.89746099999957,133.58984400000008,130.38476599999922,1662.05127,137.94873000000007
82,289.3588869999994,425.6411130000006,130.38476599999922,-8.076904000000013,-8.205077999999958,73.46142599999985,92.05126999999993,109.87158199999976,77.94873000000007,99.87158199999976,130.12841800000024,123.20507799999996,1627.4360349999997,135.6411130000006
83,285.0,417.17968800000017,127.43603499999972,-13.58984399999963,-41.025634999999966,65.38476599999922,85.25634799999989,107.69238299999961,65.89746099999957,70.12841800000024,128.46142599999985,116.9228520000006,1593.589844,132.43603499999972
84,288.7177729999994,416.79492200000004,127.43603499999972,-11.41015600000037,-43.846190999999635,72.69238299999961,86.2822270000006,106.79492200000004,69.74365200000011,53.974121000000196,129.48730499999965,113.7177729999994,1579.1025390000004,133.7177729999994
85,300.6411130000006,420.76904300000024,128.9741210000002,-4.358886999999868,-20.38452099999995,89.87158199999976,92.56396500000028,104.61523400000078,83.46142599999985,60.12841800000024,131.9228520000006,114.10253900000043,1587.1796880000002,137.05126999999993
86,316.79492200000004,424.7436520000001,129.87158199999976,3.2050779999999577,11.153809000000365,105.38476599999922,99.87158199999976,101.41015599999992,95.89746099999957,82.56396500000028,133.20507799999996,116.41015599999992,1601.6665039999998,136.41015599999992
87,331.4101559999999,426.2822270000006,129.87158199999976,8.974121000000196,30.897460999999566,110.76904300000024,105.38476599999922,100.89746099999957,100.25634799999989,107.17968800000017,132.05126999999993,118.7177729999994,1602.6923829999996,133.7177729999994
88,340.2563479999999,425.89746099999957,130.51269500000035,11.922852000000603,29.615234000000783,105.89746099999957,108.84619099999964,107.43603499999972,99.23095699999976,122.17968800000017,131.2822270000006,120.64111300000059,1583.589844,135.6411130000006
89,344.23095699999976,426.0258789999998,133.46142599999985,12.43603499999972,11.922852000000603,97.05126999999993,111.6665039999998,120.89746099999957,98.7177729999994,122.30761700000039,134.87158199999976,122.56396500000028,1554.4873049999997,141.15380900000036
90,346.6665039999998,427.6923829999996,137.3076170000004,10.512695000000349,-8.461425999999847,91.6665039999998,113.84619099999964,135.12841800000024,101.41015599999992,110.51269500000035,143.3334960000002,123.58984400000008,1529.8715819999998,142.82031300000017
91,349.3588869999994,428.9741210000002,138.9741210000002,5.769043000000238,-18.076904000000013,93.20507799999996,114.23095699999976,141.9228520000006,105.12841800000024,96.0258789999998,151.41015599999992,121.79492200000004,1515.5126950000003,139.3588869999994
92,351.53857400000015,426.79492200000004,135.76904300000024,-0.12841800000023795,-11.666747999999643,100.12841800000024,111.6665039999998,136.9228520000006,106.41015599999992,89.74365200000011,152.82031300000017,116.0258789999998,1507.4360349999997,136.9228520000006
93,352.17968800000017,420.51269500000035,128.46142599999985,-4.743652000000111,4.230956999999762,106.2822270000006,105.89746099999957,123.84619099999964,104.23095699999976,94.87158199999976,145.6411130000006,108.46142599999985,1498.3334960000002,138.0771479999994
94,353.20507799999996,414.10253900000043,120.76904300000024,-5.641113000000132,16.922852000000603,105.64111300000059,98.84619099999964,111.6665039999998,100.0,104.23095699999976,134.7436520000001,103.20507799999996,1484.743652,137.82031300000017
95,357.82031300000017,412.6923829999996,117.94873000000007,-2.3076170000003913,17.05126999999993,96.79492200000004,93.46142599999985,107.56396500000028,96.41015599999992,107.56396500000028,127.56396500000028,103.9741210000002,1466.794922,134.10253900000043
96,366.2822270000006,417.5639650000003,122.56396500000028,2.9487300000000687,6.153809000000365,84.87158199999976,92.17968800000017,111.9228520000006,94.35888699999941,101.6665039999998,128.20507799999996,110.12841800000024,1447.8203130000002,132.6923829999996
97,375.0,423.7177729999994,131.41015599999992,6.666503999999804,-5.128174000000399,78.7177729999994,95.12841800000024,118.7177729999994,92.56396500000028,91.6665039999998,134.7436520000001,116.53857400000015,1430.7690430000002,136.15380900000036
98,379.10253900000043,424.23095699999976,138.0771479999994,6.666503999999804,-6.794922000000042,83.46142599999985,100.0,121.6665039999998,88.84619099999964,84.23095699999976,140.38476599999922,116.79492200000004,1415.7690430000002,138.46142599999985
99,377.05126999999993,416.15380900000036,137.56396500000028,3.5898440000000846,1.7949220000000423,96.0258789999998,103.46142599999985,118.7177729999994,83.3334960000002,81.79492200000004,140.0,108.84619099999964,1399.4873049999997,135.38476599999922
100,371.6665039999998,402.94873000000007,131.2822270000006,-0.38476599999921746,12.307617000000391,107.69238299999961,103.9741210000002,113.46142599999985,79.23095699999976,82.56396500000028,133.84619099999964,97.43603499999972,1378.0771479999994,132.43603499999972
101,366.9228520000006,389.3588869999994,124.35888699999941,-3.3334960000001956,14.487304999999651,111.41015599999992,102.69238299999961,110.12841800000024,80.51269500000035,84.23095699999976,126.9228520000006,90.38476599999922,1350.3847659999992,135.2563479999999
102,364.48730499999965,378.20507799999996,121.15380900000036,-5.256347999999889,4.102539000000434,107.17968800000017,101.9228520000006,110.51269500000035,86.6665039999998,85.38476599999922,123.9741210000002,91.53857400000015,1318.589844,139.7436520000001
103,363.46142599999985,368.9741210000002,121.79492200000004,-6.666747999999643,-14.102538999999979,99.61523400000078,102.56396500000028,112.56396500000028,92.05126999999993,84.87158199999976,125.51269500000035,97.30761700000039,1286.410156,139.61523400000078
104,363.46142599999985,360.0,123.84619099999964,-6.923095999999987,-28.71801800000003,93.46142599999985,103.46142599999985,113.7177729999994,91.53857400000015,81.2822270000006,128.46142599999985,101.53857400000015,1255.5126950000003,136.9228520000006
105,366.2822270000006,349.6152340000008,125.25634799999989,-4.487060999999812,-29.487060999999812,90.64111300000059,103.0771479999994,112.69238299999961,86.0258789999998,74.23095699999976,129.3588869999994,101.2822270000006,1225.1284180000002,137.94873000000007
106,372.82031300000017,337.17968800000017,125.51269500000035,1.4101559999999154,-15.1281740000004,90.38476599999922,101.15380900000036,110.12841800000024,81.53857400000015,65.25634799999989,127.56396500000028,98.3334960000002,1192.1796880000002,141.15380900000036
107,382.17968800000017,322.17968800000017,125.0,9.871581999999762,5.3847659999992175,90.76904300000024,98.84619099999964,108.20507799999996,83.58984400000008,59.87158199999976,125.25634799999989,96.6665039999998,1153.4614259999998,140.51269500000035
108,393.20507799999996,304.6152340000008,125.0,17.82031300000017,19.230956999999762,90.64111300000059,97.94873000000007,108.0771479999994,92.30761700000039,66.15380900000036,125.51269500000035,98.0771479999994,1107.8203130000002,136.6665039999998
109,407.17968800000017,285.0,125.64111300000059,22.30761700000039,21.282227000000603,91.2822270000006,98.58984400000008,109.10253900000043,102.56396500000028,87.30761700000039,129.7436520000001,100.89746099999957,1057.1796880000002,136.41015599999992
110,428.5898440000001,264.7436520000001,126.15380900000036,22.69238299999961,16.666503999999804,94.87158199999976,100.12841800000024,109.87158199999976,108.0771479999994,115.89746099999957,135.2563479999999,101.79492200000004,1006.1538090000004,140.12841800000024
111,461.0258789999998,246.6665039999998,126.0258789999998,21.025878999999804,15.256347999999889,101.2822270000006,101.0258789999998,110.25634799999989,106.53857400000015,136.9228520000006,137.82031300000017,98.58984400000008,958.5898440000001,141.41015599999992
112,503.3334960000002,234.3588869999994,125.64111300000059,20.641113000000587,22.43603499999972,107.05126999999993,101.0258789999998,111.2822270000006,101.41015599999992,140.38476599999922,135.38476599999922,93.0771479999994,915.2563479999999,138.84619099999964
113,550.0,231.6665039999998,126.0258789999998,24.48730499999965,35.38476599999922,108.0771479999994,102.05126999999993,114.61523400000078,98.7177729999994,131.0258789999998,130.2563479999999,88.9741210000002,873.3334960000002,138.7177729999994
114,593.4614259999998,239.87158199999976,128.20507799999996,33.7177729999994,47.17968800000017,104.48730499999965,105.76904300000024,119.61523400000078,101.79492200000004,123.9741210000002,127.17968800000017,89.23095699999976,828.7177729999994,143.46142599999985
115,629.1025390000004,256.53857400000015,131.9228520000006,46.2822270000006,53.20507799999996,100.64111300000059,111.53857400000015,124.23095699999976,108.3334960000002,130.76904300000024,129.87158199999976,93.20507799999996,779.7436520000001,146.6665039999998
116,655.5126950000003,275.12841800000024,135.6411130000006,57.43603499999972,54.102539000000434,100.51269500000035,115.89746099999957,126.53857400000015,113.58984400000008,149.61523400000078,136.9228520000006,97.56396500000028,729.2309569999998,144.7436520000001
117,675.7690430000002,289.23095699999976,136.9228520000006,61.025878999999804,54.87158199999976,103.7177729999994,115.25634799999989,125.76904300000024,114.87158199999976,167.3076170000004,143.58984400000008,99.23095699999976,681.9228520000006,143.20507799999996
118,695.2563479999999,295.76904300000024,134.23095699999976,54.87158199999976,61.53857400000015,105.89746099999957,109.35888699999941,123.20507799999996,114.48730499999965,170.38476599999922,145.12841800000024,98.0771479999994,641.6665039999998,147.17968800000017
119,718.205078,296.15380900000036,128.58984400000008,44.74365200000011,75.64111300000059,103.84619099999964,102.05126999999993,120.89746099999957,116.15380900000036,156.9228520000006,140.76904300000024,95.51269500000035,608.0771479999994,152.05126999999993
120,743.7177729999994,293.9741210000002,122.94873000000007,39.23095699999976,91.9228520000006,98.20507799999996,97.82031300000017,119.23095699999976,119.48730499999965,135.76904300000024,133.0771479999994,93.0771479999994,575.7690430000002,151.15380900000036
121,765.6411130000006,291.53857400000015,119.23095699999976,43.0771479999994,102.43603499999972,92.82031300000017,97.94873000000007,116.9228520000006,119.61523400000078,118.84619099999964,125.89746099999957,90.64111300000059,538.5898440000001,147.05126999999993
122,778.8461909999996,289.87158199999976,118.0771479999994,53.589844000000085,103.20507799999996,91.79492200000004,100.51269500000035,113.0771479999994,112.43603499999972,113.20507799999996,121.9228520000006,88.58984400000008,495.2563479999999,146.15380900000036
123,784.4873049999997,291.6665039999998,119.61523400000078,65.12841800000024,98.3334960000002,97.05126999999993,102.82031300000017,110.12841800000024,100.64111300000059,117.43603499999972,121.41015599999992,88.3334960000002,451.79492200000004,147.82031300000017
124,788.4614259999998,299.23095699999976,123.58984400000008,73.58984400000008,93.9741210000002,105.12841800000024,103.7177729999994,110.76904300000024,92.17968800000017,124.48730499999965,122.69238299999961,91.0258789999998,416.15380900000036,146.79492200000004
125,795.1284180000002,311.0258789999998,127.82031300000017,78.20507799999996,92.82031300000017,109.74365200000011,103.20507799999996,114.48730499999965,92.56396500000028,126.0258789999998,122.17968800000017,95.51269500000035,390.89746099999957,144.23095699999976
126,804.8715819999998,322.6923829999996,129.23095699999976,80.51269500000035,93.46142599999985,107.30761700000039,102.43603499999972,117.30761700000039,99.23095699999976,119.74365200000011,118.0771479999994,99.35888699999941,371.15380900000036,145.89746099999957
127,816.0258789999998,331.6665039999998,127.69238299999961,83.58984400000008,94.74365200000011,100.76904300000024,103.0771479999994,117.05126999999993,105.12841800000024,111.6665039999998,112.43603499999972,100.89746099999957,351.2822270000006,151.15380900000036
128,827.5639650000003,339.10253900000043,125.89746099999957,89.10253900000043,98.20507799999996,97.43603499999972,106.53857400000015,114.87158199999976,106.6665039999998,111.9228520000006,110.76904300000024,100.89746099999957,330.51269500000035,152.6923829999996
129,837.9487300000001,346.79492200000004,126.6665039999998,95.76904300000024,103.3334960000002,100.38476599999922,111.2822270000006,113.0771479999994,105.89746099999957,125.25634799999989,115.25634799999989,101.0258789999998,310.76904300000024,148.9741210000002
130,842.0512699999999,352.4360349999997,128.0771479999994,98.58984400000008,104.87158199999976,103.58984400000008,112.56396500000028,111.41015599999992,106.2822270000006,144.87158199999976,120.12841800000024,100.0,290.89746099999957,146.6665039999998
131,835.0,352.17968800000017,125.0,94.61523400000078,95.51269500000035,97.30761700000039,105.25634799999989,106.41015599999992,106.41015599999992,156.0258789999998,116.0258789999998,94.35888699999941,265.12841800000024,148.3334960000002
132,817.5639650000003,345.89746099999957,115.0,86.79492200000004,75.0,79.35888699999941,90.51269500000035,95.89746099999957,102.05126999999993,148.3334960000002,98.58984400000008,82.43603499999972,230.2563479999999,148.3334960000002
133,800.0,340.0,103.20507799999996,83.46142599999985,55.51269500000035,60.51269500000035,76.53857400000015,84.10253900000043,92.17968800000017,125.76904300000024,75.51269500000035,69.48730499999965,192.94873000000007,143.46142599999985
134,794.7436520000001,343.9741210000002,99.35888699999941,91.41015599999992,55.38476599999922,56.53857400000015,75.0,80.12841800000024,83.3334960000002,105.25634799999989,62.82031300000017,65.0,167.82031300000017,140.0
135,806.4101559999999,361.15380900000036,108.84619099999964,110.12841800000024,83.46142599999985,75.12841800000024,91.0258789999998,90.12841800000024,83.46142599999985,102.56396500000028,70.89746099999957,74.61523400000078,164.10253900000043,142.94873000000007
136,826.4101559999999,385.51269500000035,126.15380900000036,130.51269500000035,128.9741210000002,107.56396500000028,117.30761700000039,111.53857400000015,94.61523400000078,119.23095699999976,94.61523400000078,93.0771479999994,176.2822270000006,147.82031300000017
137,839.3588869999994,404.48730499999965,138.46142599999985,141.0258789999998,167.05126999999993,135.12841800000024,137.05126999999993,131.9228520000006,109.23095699999976,141.41015599999992,116.9228520000006,107.30761700000039,185.76904300000024,148.7177729999994
138,834.8715819999998,408.20507799999996,136.2822270000006,137.05126999999993,175.51269500000035,142.82031300000017,137.6923829999996,138.3334960000002,117.05126999999993,152.3076170000004,122.05126999999993,106.15380900000036,175.2563479999999,147.82031300000017
139,815.8974609999996,396.9228520000006,121.0258789999998,124.23095699999976,151.0258789999998,129.48730499999965,120.12841800000024,127.82031300000017,113.20507799999996,143.84619099999964,107.43603499999972,89.87158199999976,142.43603499999972,149.7436520000001
140,794.6152340000008,379.23095699999976,103.46142599999985,112.43603499999972,110.51269500000035,106.15380900000036,98.0771479999994,109.87158199999976,101.6665039999998,121.53857400000015,84.61523400000078,69.23095699999976,100.64111300000059,151.41015599999992
141,782.5639650000003,364.87158199999976,94.35888699999941,107.56396500000028,78.58984400000008,87.43603499999972,86.79492200000004,98.0771479999994,92.05126999999993,99.23095699999976,68.3334960000002,57.43603499999972,67.43603499999972,148.0771479999994
142,782.1796880000002,357.05126999999993,97.30761700000039,109.10253900000043,70.76904300000024,81.15380900000036,92.05126999999993,99.48730499999965,92.05126999999993,90.64111300000059,66.79492200000004,60.12841800000024,51.153809000000365,142.6923829999996
143,787.4360349999997,352.05126999999993,106.9228520000006,113.20507799999996,84.35888699999941,84.74365200000011,106.41015599999992,109.74365200000011,100.76904300000024,99.87158199999976,76.53857400000015,72.82031300000017,46.53857400000015,142.3076170000004
144,789.7436520000001,344.7436520000001,115.12841800000024,116.79492200000004,103.7177729999994,91.0258789999998,116.53857400000015,118.20507799999996,110.25634799999989,119.87158199999976,87.82031300000017,85.76904300000024,41.2822270000006,146.15380900000036
145,786.0258789999998,334.6152340000008,116.79492200000004,118.9741210000002,115.12841800000024,95.0,114.87158199999976,118.58984400000008,112.94873000000007,138.46142599999985,92.43603499999972,92.30761700000039,27.94873000000007,147.56396500000028
146,779.7436520000001,326.2822270000006,114.10253900000043,121.15380900000036,114.87158199999976,97.30761700000039,104.35888699999941,112.82031300000017,109.10253900000043,148.9741210000002,90.51269500000035,93.0771479999994,8.846190999999635,145.76904300000024
147,775.7690430000002,323.9741210000002,112.30761700000039,124.61523400000078,108.3334960000002,100.25634799999989,95.12841800000024,107.69238299999961,104.23095699999976,151.0258789999998,86.79492200000004,92.56396500000028,-8.974365000000034,146.79492200000004
148,773.9741210000002,325.76904300000024,113.0771479999994,128.58984400000008,101.79492200000004,103.46142599999985,93.58984400000008,106.79492200000004,102.56396500000028,145.76904300000024,85.12841800000024,92.30761700000039,-22.051270000000386,151.15380900000036
149,769.3588869999994,325.2563479999999,113.84619099999964,130.89746099999957,98.9741210000002,104.48730499999965,98.3334960000002,108.58984400000008,102.94873000000007,135.6411130000006,84.87158199999976,91.2822270000006,-33.07690400000001,151.9228520000006
150,759.3588869999994,319.23095699999976,112.30761700000039,130.89746099999957,102.05126999999993,103.20507799999996,103.9741210000002,110.12841800000024,103.20507799999996,125.76904300000024,84.74365200000011,89.35888699999941,-45.51293900000019,146.9228520000006
151,748.3334960000002,311.79492200000004,110.76904300000024,130.89746099999957,111.2822270000006,103.58984400000008,107.56396500000028,111.79492200000004,104.74365200000011,123.58984400000008,86.15380900000036,89.87158199999976,-57.69238299999961,143.58984400000008
152,744.2309569999998,310.12841800000024,113.46142599999985,134.61523400000078,123.7177729999994,109.35888699999941,110.64111300000059,116.2822270000006,111.2822270000006,131.41015599999992,92.17968800000017,96.6665039999998,-63.974365000000034,146.41015599999992
153,750.1284180000002,316.4101559999999,121.79492200000004,142.43603499999972,132.43603499999972,118.0771479999994,114.74365200000011,124.23095699999976,123.20507799999996,143.20507799999996,103.20507799999996,108.46142599999985,-62.435790999999426,150.2563479999999
154,759.1025390000004,324.48730499999965,131.0258789999998,149.48730499999965,129.3588869999994,122.05126999999993,118.58984400000008,131.53857400000015,135.0,148.84619099999964,113.46142599999985,119.35888699999941,-59.48706099999981,149.23095699999976
155,759.1025390000004,324.6152340000008,133.46142599999985,150.12841800000024,112.69238299999961,115.0,118.3334960000002,132.43603499999972,138.3334960000002,141.6665039999998,115.38476599999922,122.05126999999993,-65.76928699999962,146.79492200000004
156,744.3588869999994,312.3076170000004,126.15380900000036,142.56396500000028,90.89746099999957,99.23095699999976,111.53857400000015,125.0,129.23095699999976,123.20507799999996,105.89746099999957,114.35888699999941,-86.66674799999964,148.46142599999985
157,720.7690430000002,293.46142599999985,113.58984400000008,131.9228520000006,79.35888699999941,85.64111300000059,101.41015599999992,113.9741210000002,112.17968800000017,102.69238299999961,90.64111300000059,101.53857400000015,-116.41015600000037,151.0258789999998
158,701.1538090000004,278.9741210000002,105.0,125.12841800000024,88.0771479999994,83.58984400000008,93.84619099999964,107.43603499999972,97.17968800000017,90.76904300000024,79.10253900000043,92.56396500000028,-143.076904,149.23095699999976
159,693.5898440000001,275.51269500000035,105.76904300000024,126.2822270000006,112.82031300000017,93.20507799999996,93.0771479999994,108.7177729999994,92.17968800000017,93.0771479999994,77.17968800000017,92.56396500000028,-158.33325200000036,145.76904300000024
160,695.5126950000003,280.0,113.3334960000002,133.0771479999994,136.0258789999998,105.51269500000035,97.94873000000007,113.9741210000002,98.20507799999996,106.41015599999992,82.82031300000017,98.9741210000002,-163.20507799999996,146.2822270000006
161,697.9487300000001,283.5898440000001,120.25634799999989,140.12841800000024,141.53857400000015,111.0258789999998,103.3334960000002,116.2822270000006,108.7177729999994,121.2822270000006,89.35888699999941,104.61523400000078,-164.35888699999987,148.9741210000002
162,694.1025390000004,280.3847659999992,121.79492200000004,144.7436520000001,127.05126999999993,108.0771479999994,105.76904300000024,112.30761700000039,116.2822270000006,128.7177729999994,92.43603499999972,104.61523400000078,-166.923096,147.56396500000028
163,684.6152340000008,271.79492200000004,118.9741210000002,147.17968800000017,106.53857400000015,102.69238299999961,105.38476599999922,105.25634799999989,117.43603499999972,127.05126999999993,91.79492200000004,100.89746099999957,-171.923096,142.6923829999996
164,674.3588869999994,263.46142599999985,116.2822270000006,148.9741210000002,98.20507799999996,102.17968800000017,104.48730499999965,101.15380900000036,112.82031300000017,120.0,90.0,98.84619099999964,-178.58984399999963,141.6665039999998
165,666.794922,260.2563479999999,116.53857400000015,150.12841800000024,110.64111300000059,108.46142599999985,104.74365200000011,102.69238299999961,105.76904300000024,112.82031300000017,88.58984400000008,100.76904300000024,-186.66674799999964,145.0
166,661.4101559999999,261.2822270000006,118.7177729999994,149.87158199999976,135.38476599999922,116.15380900000036,104.87158199999976,106.9228520000006,99.48730499999965,108.7177729999994,87.69238299999961,103.9741210000002,-197.179443,146.0258789999998
167,654.7436520000001,262.17968800000017,120.0,147.05126999999993,153.84619099999964,118.3334960000002,103.46142599999985,108.7177729999994,96.2822270000006,109.23095699999976,86.41015599999992,103.9741210000002,-210.38452099999995,142.3076170000004
168,644.7436520000001,258.5898440000001,118.46142599999985,141.79492200000004,153.84619099999964,112.82031300000017,100.64111300000059,106.15380900000036,97.05126999999993,113.7177729999994,84.87158199999976,99.74365200000011,-224.35888699999987,140.2563479999999
169,633.0771479999994,250.12841800000024,115.0,136.53857400000015,137.94873000000007,104.48730499999965,98.7177729999994,101.9228520000006,100.76904300000024,119.23095699999976,83.58984400000008,94.23095699999976,-235.89746100000002,142.94873000000007
170,623.3334960000002,240.89746099999957,112.30761700000039,134.7436520000001,121.15380900000036,101.2822270000006,99.87158199999976,100.12841800000024,104.74365200000011,120.0,83.0771479999994,91.79492200000004,-242.56420900000057,144.7436520000001
171,618.205078,235.12841800000024,113.0771479999994,137.43603499999972,115.89746099999957,105.64111300000059,102.94873000000007,102.43603499999972,105.38476599999922,111.2822270000006,82.94873000000007,93.7177729999994,-245.1281740000004,142.17968800000017
172,616.0258789999998,233.20507799999996,116.6665039999998,141.9228520000006,122.69238299999961,111.9228520000006,104.61523400000078,106.53857400000015,101.79492200000004,94.74365200000011,81.6665039999998,97.43603499999972,-248.076904,140.12841800000024
173,612.8203130000002,232.05126999999993,120.0,144.10253900000043,133.46142599999985,112.30761700000039,101.79492200000004,108.7177729999994,95.89746099999957,79.10253900000043,78.46142599999985,99.35888699999941,-256.02563499999997,142.82031300000017
174,605.2563479999999,227.94873000000007,120.25634799999989,141.2822270000006,139.23095699999976,103.9741210000002,95.0,107.17968800000017,91.41015599999992,74.10253900000043,74.74365200000011,97.56396500000028,-269.61547900000005,145.76904300000024
175,593.3334960000002,219.7436520000001,116.53857400000015,134.61523400000078,135.6411130000006,91.41015599999992,87.30761700000039,102.56396500000028,90.12841800000024,82.94873000000007,72.30761700000039,92.17968800000017,-285.64111300000013,143.58984400000008
176,579.6152340000008,209.87158199999976,111.0258789999998,128.46142599999985,124.74365200000011,81.53857400000015,81.79492200000004,97.05126999999993,91.79492200000004,98.7177729999994,71.9228520000006,86.41015599999992,-299.2307130000004,139.7436520000001
177,568.205078,202.43603499999972,107.43603499999972,126.9228520000006,114.35888699999941,79.74365200000011,80.0,92.69238299999961,94.48730499999965,109.87158199999976,73.20507799999996,84.74365200000011,-307.5642090000006,140.2563479999999
178,561.794922,200.51269500000035,108.20507799999996,131.79492200000004,113.84619099999964,87.05126999999993,81.79492200000004,91.41015599999992,96.9228520000006,107.43603499999972,75.64111300000059,89.48730499999965,-310.1281740000004,143.58984400000008
179,559.7436520000001,202.82031300000017,112.94873000000007,139.61523400000078,126.15380900000036,100.12841800000024,85.38476599999922,93.3334960000002,98.20507799999996,91.6665039999998,78.20507799999996,98.58984400000008,-309.8718259999996,143.20507799999996
180,557.6923829999996,203.84619099999964,117.69238299999961,144.48730499999965,144.10253900000043,112.43603499999972,88.7177729999994,96.41015599999992,97.56396500000028,72.30761700000039,79.74365200000011,105.89746099999957,-312.0512700000004,140.0
181,551.2822270000006,198.46142599999985,118.46142599999985,142.56396500000028,155.2563479999999,118.84619099999964,90.38476599999922,97.82031300000017,94.87158199999976,61.79492200000004,78.3334960000002,106.0258789999998,-320.897461,139.61523400000078
182,539.2309569999998,186.9228520000006,113.9741210000002,134.87158199999976,152.56396500000028,119.35888699999941,90.76904300000024,96.41015599999992,91.15380900000036,66.79492200000004,73.9741210000002,98.7177729999994,-335.5129390000002,141.6665039999998
183,525.6411130000006,174.61523400000078,107.56396500000028,127.05126999999993,141.2822270000006,120.64111300000059,92.05126999999993,95.0,89.10253900000043,85.0,69.23095699999976,89.48730499999965,-349.4870609999998,140.38476599999922
184,515.8974609999996,167.3076170000004,104.10253900000043,124.48730499999965,133.9741210000002,129.87158199999976,95.12841800000024,96.79492200000004,91.2822270000006,107.82031300000017,67.69238299999961,85.51269500000035,-356.02563499999997,136.15380900000036
185,512.3076170000004,167.3076170000004,106.2822270000006,128.7177729999994,138.9741210000002,146.9228520000006,99.10253900000043,102.17968800000017,97.56396500000028,126.15380900000036,70.51269500000035,89.35888699999941,-353.20507799999996,136.53857400000015
186,512.6923829999996,172.3076170000004,112.43603499999972,137.56396500000028,153.9741210000002,163.0771479999994,101.53857400000015,108.58984400000008,105.12841800000024,134.10253900000043,75.76904300000024,97.69238299999961,-346.28198199999997,142.56396500000028
187,512.8203130000002,177.94873000000007,118.46142599999985,147.05126999999993,169.87158199999976,169.48730499999965,102.17968800000017,112.43603499999972,110.12841800000024,130.6411130000006,79.74365200000011,105.12841800000024,-342.4357909999994,146.41015599999992
188,509.6152340000008,179.61523400000078,121.2822270000006,153.20507799999996,178.3334960000002,165.89746099999957,101.9228520000006,112.69238299999961,110.51269500000035,120.0,80.12841800000024,108.20507799999996,-345.7692869999996,143.3334960000002
189,502.05126999999993,175.38476599999922,120.25634799999989,153.84619099999964,177.17968800000017,162.56396500000028,101.9228520000006,110.0,107.56396500000028,108.9741210000002,77.17968800000017,107.17968800000017,-354.8718259999996,138.84619099999964
190,491.79492200000004,167.05126999999993,117.17968800000017,148.58984400000008,168.9741210000002,173.20507799999996,101.41015599999992,106.53857400000015,103.9741210000002,102.94873000000007,72.56396500000028,104.87158199999976,-364.4870609999998,138.46142599999985
191,481.6665039999998,158.9741210000002,113.84619099999964,140.2563479999999,159.7436520000001,205.38476599999922,99.35888699999941,103.9741210000002,101.53857400000015,102.56396500000028,68.58984400000008,103.20507799999996,-370.1281740000004,139.3588869999994
192,473.5898440000001,154.23095699999976,111.53857400000015,133.46142599999985,155.0,254.10253900000043,96.0258789999998,102.56396500000028,100.0,104.23095699999976,66.79492200000004,102.43603499999972,-371.923096,137.6923829999996
193,467.3076170000004,153.3334960000002,110.38476599999922,131.6665039999998,156.9228520000006,304.23095699999976,92.30761700000039,101.6665039999998,98.20507799999996,103.3334960000002,67.17968800000017,101.6665039999998,-373.33325200000036,136.6665039999998
194,461.6665039999998,153.84619099999964,110.0,134.7436520000001,162.6923829999996,338.7177729999994,89.61523400000078,101.2822270000006,95.89746099999957,100.12841800000024,69.23095699999976,100.12841800000024,-377.5642090000006,140.12841800000024
195,456.4101559999999,153.7177729999994,110.76904300000024,140.38476599999922,167.05126999999993,349.87158199999976,89.74365200000011,102.43603499999972,95.25634799999989,100.51269500000035,72.30761700000039,98.3334960000002,-382.9487299999996,143.84619099999964
196,453.0771479999994,153.58984400000008,114.23095699999976,145.89746099999957,168.20507799999996,343.9741210000002,94.35888699999941,107.05126999999993,99.35888699999941,111.0258789999998,76.79492200000004,99.10253900000043,-384.8718259999996,141.2822270000006
197,453.84619099999964,155.2563479999999,121.41015599999992,150.76904300000024,169.87158199999976,335.2563479999999,102.69238299999961,114.74365200000011,109.61523400000078,132.05126999999993,82.94873000000007,104.74365200000011,-379.61547900000005,135.51269500000035
198,457.17968800000017,159.23095699999976,130.38476599999922,154.61523400000078,175.0,332.94873000000007,111.6665039999998,121.79492200000004,122.56396500000028,155.12841800000024,90.12841800000024,114.23095699999976,-369.61547900000005,134.10253900000043
199,458.46142599999985,162.43603499999972,136.15380900000036,157.17968800000017,180.38476599999922,334.7436520000001,116.15380900000036,123.20507799999996,130.51269500000035,167.82031300000017,95.64111300000059,121.9228520000006,-361.923096,136.9228520000006
200,453.7177729999994,160.89746099999957,134.87158199999976,157.82031300000017,178.84619099999964,331.53857400000015,113.20507799999996,117.30761700000039,128.20507799999996,161.9228520000006,96.53857400000015,122.43603499999972,-361.923096,137.17968800000017
201,442.82031300000017,153.9741210000002,127.94873000000007,157.05126999999993,169.48730499999965,318.9741210000002,104.87158199999976,108.0771479999994,117.94873000000007,142.82031300000017,92.94873000000007,116.2822270000006,-369.102539,133.84619099999964
202,430.6411130000006,144.61523400000078,121.15380900000036,156.53857400000015,160.0,302.94873000000007,97.82031300000017,102.30761700000039,108.9741210000002,127.69238299999961,88.20507799999996,108.7177729999994,-377.179443,133.3334960000002
203,421.9228520000006,137.05126999999993,119.35888699999941,157.56396500000028,159.3588869999994,292.6923829999996,96.53857400000015,103.84619099999964,108.84619099999964,132.43603499999972,85.76904300000024,105.38476599999922,-380.1281740000004,136.9228520000006
204,416.9228520000006,132.56396500000028,122.17968800000017,159.61523400000078,167.05126999999993,290.89746099999957,100.38476599999922,109.35888699999941,117.05126999999993,155.89746099999957,85.89746099999957,106.2822270000006,-378.076904,138.3334960000002
205,411.15380900000036,128.58984400000008,124.35888699999941,160.12841800000024,173.20507799999996,290.51269500000035,103.20507799999996,111.53857400000015,125.64111300000059,177.94873000000007,86.79492200000004,107.69238299999961,-377.0512700000004,135.2563479999999
206,400.51269500000035,121.6665039999998,121.79492200000004,156.79492200000004,169.23095699999976,282.4360349999997,100.25634799999989,105.76904300000024,125.89746099999957,176.6665039999998,86.79492200000004,106.0258789999998,-382.3076170000004,133.20507799999996
207,386.0258789999998,111.53857400000015,114.87158199999976,149.7436520000001,157.6923829999996,266.53857400000015,92.30761700000039,95.51269500000035,117.05126999999993,148.3334960000002,86.41015599999992,101.6665039999998,-392.6923829999996,135.76904300000024
208,374.10253900000043,102.17968800000017,109.10253900000043,142.43603499999972,150.89746099999957,252.17968800000017,85.38476599999922,88.3334960000002,106.0258789999998,113.9741210000002,88.3334960000002,98.46142599999985,-400.897461,138.0771479999994
209,370.12841800000024,99.74365200000011,109.74365200000011,140.0,158.7177729999994,249.61523400000078,85.76904300000024,90.12841800000024,101.53857400000015,103.84619099999964,94.10253900000043,100.25634799999989,-399.8718259999996,135.6411130000006
210,374.48730499999965,105.89746099999957,117.94873000000007,144.7436520000001,178.9741210000002,260.0,94.87158199999976,100.25634799999989,107.82031300000017,133.84619099999964,102.94873000000007,107.69238299999961,-389.102539,133.3334960000002
211,381.4101559999999,116.0258789999998,129.61523400000078,154.61523400000078,199.48730499999965,274.7436520000001,108.46142599999985,112.94873000000007,122.17968800000017,192.17968800000017,111.79492200000004,117.43603499999972,-375.5129390000002,136.41015599999992
212,383.46142599999985,122.17968800000017,137.94873000000007,163.9741210000002,206.79492200000004,282.05126999999993,119.87158199999976,122.05126999999993,137.3076170000004,246.79492200000004,117.30761700000039,124.48730499999965,-368.20507799999996,140.6411130000006
213,376.6665039999998,118.7177729999994,138.7177729999994,167.05126999999993,196.15380900000036,274.6152340000008,124.48730499999965,124.35888699999941,145.89746099999957,269.10253900000043,117.94873000000007,125.64111300000059,-370.897461,139.23095699999976
214,363.5898440000001,107.43603499999972,133.58984400000008,163.3334960000002,174.48730499999965,255.0,122.17968800000017,121.53857400000015,145.76904300000024,253.84619099999964,114.87158199999976,122.30761700000039,-379.4870609999998,134.48730499999965
215,351.53857400000015,95.64111300000059,128.46142599999985,157.82031300000017,156.9228520000006,233.58984400000008,117.30761700000039,117.43603499999972,140.0,220.0,111.9228520000006,119.35888699999941,-385.2563479999999,133.3334960000002
216,345.76904300000024,90.38476599999922,128.58984400000008,157.05126999999993,156.53857400000015,221.15380900000036,113.3334960000002,115.64111300000059,133.58984400000008,194.48730499999965,113.0771479999994,120.38476599999922,-382.5642090000006,135.2563479999999
217,344.6152340000008,90.89746099999957,132.82031300000017,161.9228520000006,172.3076170000004,220.51269500000035,110.64111300000059,116.2822270000006,129.10253900000043,191.2822270000006,117.05126999999993,123.20507799999996,-375.0,134.23095699999976
218,340.3847659999992,89.87158199999976,134.87158199999976,166.53857400000015,188.3334960000002,225.0,105.76904300000024,116.0258789999998,125.0,205.2563479999999,118.3334960000002,121.53857400000015,-372.9487299999996,130.0
219,326.53857400000015,80.38476599999922,128.58984400000008,163.84619099999964,187.94873000000007,224.7436520000001,96.6665039999998,110.89746099999957,119.35888699999941,218.84619099999964,111.53857400000015,111.2822270000006,-383.58984399999963,128.3334960000002
220,304.7436520000001,63.46142599999985,114.61523400000078,152.56396500000028,169.48730499999965,215.89746099999957,85.38476599999922,101.2822270000006,111.79492200000004,217.17968800000017,97.05126999999993,95.51269500000035,-405.0,129.61523400000078
221,284.10253900000043,48.0771479999994,100.64111300000059,138.84619099999964,148.0771479999994,203.46142599999985,77.43603499999972,91.2822270000006,104.61523400000078,197.82031300000017,81.41015599999992,82.17968800000017,-426.02563499999997,128.46142599999985
222,273.20507799999996,42.56396500000028,94.61523400000078,129.87158199999976,140.12841800000024,195.2563479999999,77.17968800000017,85.89746099999957,101.0258789999998,171.9228520000006,72.43603499999972,78.0771479999994,-435.897461,124.23095699999976
223,273.5898440000001,47.82031300000017,98.20507799999996,129.10253900000043,148.20507799999996,194.7436520000001,83.9741210000002,86.53857400000015,102.94873000000007,153.3334960000002,73.46142599999985,84.23095699999976,-431.53857400000015,123.84619099999964
224,279.7436520000001,56.9228520000006,106.2822270000006,134.10253900000043,161.15380900000036,199.7436520000001,93.20507799999996,91.53857400000015,108.7177729999994,147.43603499999972,81.41015599999992,95.38476599999922,-418.33325200000036,128.58984400000008
225,283.84619099999964,62.69238299999961,112.56396500000028,140.0,165.89746099999957,206.15380900000036,99.74365200000011,97.30761700000039,114.61523400000078,149.3588869999994,90.12841800000024,104.74365200000011,-404.61547900000005,131.0258789999998
226,282.5639650000003,62.17968800000017,114.74365200000011,143.84619099999964,159.10253900000043,210.2563479999999,102.17968800000017,101.79492200000004,117.94873000000007,153.46142599999985,95.64111300000059,108.46142599999985,-396.02563499999997,127.43603499999972
227,278.20507799999996,58.589844000000085,115.38476599999922,146.79492200000004,148.84619099999964,210.38476599999922,101.79492200000004,104.87158199999976,119.10253900000043,160.0,98.7177729999994,108.7177729999994,-392.179443,123.9741210000002
228,275.89746099999957,56.9228520000006,118.58984400000008,151.53857400000015,147.17968800000017,207.17968800000017,101.6665039999998,107.82031300000017,120.51269500000035,173.0771479999994,102.43603499999972,110.38476599999922,-389.2307130000004,127.05126999999993
229,278.7177729999994,59.74365200000011,125.38476599999922,159.23095699999976,159.3588869999994,203.58984400000008,103.20507799999996,111.2822270000006,123.46142599999985,192.05126999999993,108.58984400000008,116.6665039999998,-383.84619099999964,132.17968800000017
230,284.10253900000043,64.23095699999976,133.0771479999994,166.41015599999992,179.7436520000001,202.82031300000017,105.64111300000059,114.23095699999976,127.05126999999993,208.3334960000002,115.0,125.0,-376.41015600000037,133.20507799999996
231,285.89746099999957,64.74365200000011,136.9228520000006,167.94873000000007,195.12841800000024,205.38476599999922,106.79492200000004,114.61523400000078,129.10253900000043,211.9228520000006,117.05126999999993,129.87158199999976,-371.28198199999997,131.6665039999998
232,278.84619099999964,58.20507799999996,133.7177729999994,160.76904300000024,195.38476599999922,208.58984400000008,105.0,110.89746099999957,127.43603499999972,201.41015599999992,112.82031300000017,127.17968800000017,-372.9487299999996,132.05126999999993
233,264.3588869999994,46.79492200000004,124.35888699999941,148.3334960000002,181.79492200000004,208.7177729999994,101.41015599999992,104.48730499999965,122.17968800000017,186.15380900000036,105.25634799999989,117.94873000000007,-380.64111300000013,132.3076170000004
234,248.9741210000002,36.9228520000006,113.58984400000008,138.46142599999985,166.15380900000036,204.7436520000001,98.20507799999996,98.7177729999994,116.15380900000036,176.79492200000004,99.74365200000011,107.94873000000007,-389.61547900000005,127.43603499999972
235,239.61523400000078,33.846190999999635,106.41015599999992,137.3076170000004,159.61523400000078,200.0,96.79492200000004,96.41015599999992,112.94873000000007,176.2822270000006,98.58984400000008,102.30761700000039,-394.61547900000005,120.89746099999957
236,237.43603499999972,36.79492200000004,104.35888699999941,144.10253900000043,163.20507799999996,197.17968800000017,96.9228520000006,97.82031300000017,113.9741210000002,178.3334960000002,99.35888699999941,101.9228520000006,-395.1281740000004,120.64111300000059
237,237.82031300000017,39.74365200000011,105.64111300000059,151.6665039999998,167.56396500000028,195.12841800000024,97.30761700000039,100.64111300000059,117.05126999999993,174.48730499999965,97.30761700000039,103.46142599999985,-393.84619099999964,126.0258789999998
238,235.51269500000035,37.94873000000007,107.30761700000039,153.0771479999994,163.20507799999996,187.56396500000028,97.82031300000017,101.9228520000006,117.94873000000007,161.9228520000006,90.51269500000035,103.58984400000008,-393.84619099999964,129.10253900000043
239,228.7177729999994,31.282227000000603,108.3334960000002,147.56396500000028,150.89746099999957,167.05126999999993,99.74365200000011,101.0258789999998,115.51269500000035,145.2563479999999,82.69238299999961,102.69238299999961,-395.5129390000002,127.30761700000039
240,220.76904300000024,24.102539000000434,109.87158199999976,140.12841800000024,140.38476599999922,131.9228520000006,103.20507799999996,99.23095699999976,112.69238299999961,133.0771479999994,80.0,103.9741210000002,-397.4357909999994,125.76904300000024
241,216.0258789999998,20.0,112.94873000000007,137.05126999999993,142.17968800000017,89.35888699999941,107.30761700000039,98.7177729999994,112.82031300000017,131.15380900000036,85.38476599999922,109.23095699999976,-397.3076170000004,127.05126999999993
242,216.79492200000004,19.871581999999762,117.43603499999972,141.6665039999998,157.94873000000007,51.53857400000015,110.38476599999922,100.64111300000059,116.6665039999998,138.58984400000008,95.89746099999957,117.82031300000017,-393.71801800000003,126.2822270000006
243,222.05126999999993,21.922852000000603,122.56396500000028,151.6665039999998,178.7177729999994,28.461425999999847,112.05126999999993,104.23095699999976,122.05126999999993,149.61523400000078,104.61523400000078,126.79492200000004,-387.0512700000004,122.56396500000028
244,227.94873000000007,24.102539000000434,127.69238299999961,161.15380900000036,192.05126999999993,21.153809000000365,112.94873000000007,108.3334960000002,126.2822270000006,158.7177729999994,107.17968800000017,132.94873000000007,-380.2563479999999,121.6665039999998
245,230.0,25.128418000000238,132.17968800000017,165.12841800000024,191.53857400000015,22.69238299999961,114.10253900000043,112.05126999999993,127.94873000000007,165.2563479999999,104.48730499999965,134.48730499999965,-376.15380900000036,126.15380900000036
246,226.53857400000015,24.74365200000011,134.61523400000078,162.56396500000028,181.41015599999992,24.358886999999413,115.25634799999989,115.38476599999922,127.56396500000028,171.2822270000006,101.53857400000015,132.6923829999996,-375.64111300000013,129.48730499999965
247,219.48730499999965,22.56396500000028,133.7177729999994,156.9228520000006,170.89746099999957,21.282227000000603,115.64111300000059,117.17968800000017,126.2822270000006,177.6923829999996,101.6665039999998,130.76904300000024,-377.0512700000004,126.2822270000006
248,211.79492200000004,18.589844000000085,130.12841800000024,152.6923829999996,165.51269500000035,14.871581999999762,115.0,116.9228520000006,125.38476599999922,183.20507799999996,104.10253900000043,131.0258789999998,-378.58984399999963,121.79492200000004
249,206.0258789999998,13.205077999999958,125.89746099999957,151.79492200000004,162.94873000000007,9.487304999999651,113.0771479999994,114.87158199999976,125.12841800000024,185.38476599999922,105.25634799999989,133.46142599999985,-378.84619099999964,122.94873000000007
250,202.3076170000004,7.692382999999609,123.58984400000008,152.94873000000007,157.43603499999972,8.846190999999635,110.64111300000059,112.94873000000007,125.12841800000024,182.05126999999993,102.56396500000028,136.15380900000036,-377.3076170000004,127.43603499999972
251,199.87158199999976,2.5639650000002803,123.84619099999964,153.0771479999994,147.05126999999993,12.051269999999931,108.58984400000008,112.69238299999961,124.48730499999965,172.94873000000007,97.05126999999993,137.3076170000004,-374.61547900000005,128.3334960000002
252,197.43603499999972,-1.5385740000001533,124.74365200000011,150.12841800000024,136.53857400000015,15.897460999999566,106.6665039999998,114.35888699999941,123.20507799999996,159.61523400000078,92.30761700000039,136.0258789999998,-371.41015600000037,126.41015599999992
253,194.48730499999965,-4.871825999999601,123.9741210000002,144.87158199999976,133.7177729999994,17.43603499999972,104.48730499999965,116.15380900000036,121.2822270000006,145.38476599999922,90.89746099999957,132.94873000000007,-368.33325200000036,127.05126999999993
254,191.15380900000036,-7.051270000000386,121.2822270000006,140.76904300000024,142.94873000000007,17.43603499999972,102.69238299999961,116.6665039999998,119.87158199999976,134.87158199999976,92.94873000000007,129.7436520000001,-365.5129390000002,129.3588869999994
255,187.94873000000007,-7.820557000000008,118.58984400000008,141.0258789999998,160.12841800000024,18.589844000000085,103.46142599999985,116.0258789999998,120.51269500000035,132.05126999999993,96.2822270000006,127.69238299999961,-363.076904,127.43603499999972
256,185.38476599999922,-7.435790999999426,117.56396500000028,146.0258789999998,175.0,21.666503999999804,107.56396500000028,115.51269500000035,123.7177729999994,139.23095699999976,98.3334960000002,127.94873000000007,-361.15380900000036,121.79492200000004
257,183.0771479999994,-6.923095999999987,118.58984400000008,152.3076170000004,180.2563479999999,25.769043000000238,113.20507799999996,115.64111300000059,127.30761700000039,152.6923829999996,98.84619099999964,130.12841800000024,-359.7436520000001,119.61523400000078
258,181.0258789999998,-6.153809000000365,120.51269500000035,155.51269500000035,175.76904300000024,29.615234000000783,116.9228520000006,116.15380900000036,128.58984400000008,162.82031300000017,98.9741210000002,133.3334960000002,-358.33325200000036,122.30761700000039
259,178.7177729999994,-5.256347999999889,122.30761700000039,153.46142599999985,167.6923829999996,33.333496000000196,116.41015599999992,116.9228520000006,126.9228520000006,161.2822270000006,100.25634799999989,136.41015599999992,-355.897461,123.3334960000002
260,175.38476599999922,-4.358886999999868,123.58984400000008,147.94873000000007,162.3076170000004,37.05126999999993,112.30761700000039,117.82031300000017,124.35888699999941,150.51269500000035,102.69238299999961,138.84619099999964,-351.15380900000036,120.38476599999922
261,171.6665039999998,-4.230713000000378,124.74365200000011,143.84619099999964,162.17968800000017,40.51269500000035,107.56396500000028,118.3334960000002,124.48730499999965,143.0771479999994,104.35888699999941,140.12841800000024,-344.2307130000004,118.84619099999964
262,168.3334960000002,-4.871825999999601,125.64111300000059,144.87158199999976,164.61523400000078,42.30761700000039,105.12841800000024,117.69238299999961,127.94873000000007,148.20507799999996,103.58984400000008,140.12841800000024,-337.179443,121.6665039999998
263,165.51269500000035,-5.897461000000021,124.74365200000011,150.38476599999922,164.7436520000001,42.17968800000017,105.0,115.0,131.9228520000006,160.6411130000006,100.12841800000024,138.0771479999994,-333.46142599999985,123.20507799999996
264,162.17968800000017,-7.307617000000391,121.15380900000036,154.87158199999976,158.9741210000002,41.153809000000365,105.12841800000024,110.89746099999957,131.9228520000006,165.6411130000006,95.76904300000024,133.9741210000002,-335.38452099999995,119.35888699999941
265,157.17968800000017,-9.102538999999979,115.0,152.56396500000028,149.23095699999976,41.153809000000365,104.10253900000043,107.43603499999972,126.41015599999992,154.23095699999976,93.46142599999985,129.7436520000001,-341.79492200000004,116.2822270000006
266,151.6665039999998,-11.025634999999966,108.46142599999985,143.3334960000002,141.15380900000036,43.333496000000196,102.82031300000017,106.9228520000006,118.0771479999994,132.6923829999996,94.48730499999965,127.30761700000039,-348.84619099999964,119.87158199999976
267,147.82031300000017,-11.666747999999643,104.35888699999941,132.56396500000028,139.23095699999976,46.2822270000006,103.46142599999985,109.61523400000078,111.9228520000006,117.56396500000028,97.82031300000017,127.56396500000028,-352.0512700000004,125.76904300000024
268,145.89746099999957,-10.1281740000004,103.58984400000008,126.6665039999998,143.20507799999996,47.82031300000017,106.2822270000006,113.7177729999994,111.79492200000004,121.2822270000006,100.64111300000059,128.46142599999985,-350.2563479999999,126.15380900000036
269,143.58984400000008,-7.948729999999614,104.48730499999965,128.9741210000002,148.58984400000008,46.9228520000006,108.3334960000002,116.2822270000006,116.41015599999992,142.17968800000017,100.76904300000024,128.0771479999994,-346.28198199999997,122.05126999999993
270,138.58984400000008,-8.076904000000013,104.48730499999965,137.17968800000017,150.12841800000024,45.0,106.41015599999992,114.35888699999941,121.0258789999998,164.87158199999976,97.30761700000039,124.87158199999976,-343.97436500000003,120.12841800000024
271,132.05126999999993,-11.923095999999987,102.43603499999972,145.38476599999922,145.89746099999957,45.51269500000035,100.0,108.84619099999964,121.53857400000015,173.0771479999994,92.69238299999961,120.0,-344.7436520000001,120.76904300000024
272,127.43603499999972,-17.179442999999992,100.64111300000059,149.10253900000043,139.3588869999994,51.2822270000006,93.58984400000008,104.10253900000043,119.23095699999976,164.10253900000043,90.51269500000035,116.79492200000004,-345.7692869999996,119.61523400000078
273,128.58984400000008,-19.74365200000011,102.69238299999961,147.94873000000007,137.82031300000017,61.9228520000006,92.69238299999961,105.0,119.10253900000043,150.6411130000006,94.35888699999941,118.9741210000002,-342.3076170000004,116.9228520000006
274,135.2563479999999,-17.30761700000039,110.12841800000024,145.0,145.6411130000006,73.46142599999985,99.87158199999976,112.56396500000028,124.23095699999976,148.0771479999994,104.23095699999976,127.30761700000039,-332.5642090000006,117.82031300000017
275,143.58984400000008,-10.769286999999622,119.35888699999941,144.23095699999976,160.2563479999999,81.53857400000015,111.0258789999998,122.43603499999972,131.79492200000004,158.7177729999994,115.51269500000035,137.82031300000017,-320.1281740000004,121.0258789999998
276,148.3334960000002,-3.5898440000000846,125.25634799999989,147.6923829999996,172.43603499999972,84.87158199999976,118.9741210000002,127.94873000000007,135.12841800000024,171.0258789999998,122.69238299999961,144.48730499999965,-311.41015600000037,119.87158199999976
277,146.79492200000004,1.153809000000365,125.64111300000059,154.23095699999976,173.58984400000008,85.38476599999922,118.9741210000002,126.41015599999992,130.89746099999957,171.6665039999998,122.94873000000007,144.23095699999976,-310.64111300000013,114.35888699999941
278,140.89746099999957,2.3076170000003913,122.82031300000017,160.76904300000024,163.0771479999994,87.17968800000017,113.84619099999964,120.25634799999989,122.69238299999961,158.7177729999994,119.10253900000043,139.23095699999976,-316.15380900000036,112.30761700000039
279,134.7436520000001,0.38476599999921746,120.38476599999922,163.7177729999994,147.6923829999996,91.9228520000006,110.12841800000024,114.87158199999976,116.6665039999998,142.43603499999972,116.0258789999998,134.23095699999976,-322.4357909999994,116.41015599999992
280,131.53857400000015,-3.077147999999397,120.64111300000059,161.0258789999998,137.17968800000017,97.69238299999961,111.15380900000036,113.58984400000008,116.0258789999998,134.23095699999976,115.51269500000035,132.43603499999972,-324.7436520000001,120.0
281,131.15380900000036,-7.307617000000391,122.94873000000007,153.84619099999964,137.05126999999993,100.89746099999957,113.9741210000002,114.48730499999965,118.84619099999964,137.94873000000007,115.64111300000059,132.94873000000007,-322.9487299999996,118.46142599999985
282,130.76904300000024,-12.435790999999426,124.61523400000078,144.48730499999965,145.2563479999999,99.35888699999941,113.20507799999996,113.0771479999994,120.64111300000059,147.17968800000017,113.46142599999985,133.46142599999985,-320.64111300000013,116.53857400000015
283,127.30761700000039,-18.71801800000003,123.0771479999994,136.79492200000004,155.2563479999999,94.87158199999976,106.0258789999998,107.05126999999993,118.58984400000008,151.53857400000015,108.9741210000002,132.17968800000017,-321.28198199999997,118.46142599999985
284,120.76904300000024,-23.974365000000034,118.3334960000002,133.58984400000008,161.15380900000036,91.79492200000004,95.12841800000024,99.23095699999976,112.94873000000007,146.0258789999998,105.12841800000024,129.61523400000078,-324.35888699999987,120.64111300000059
285,114.23095699999976,-25.38452099999995,113.7177729999994,136.0258789999998,161.6665039999998,93.0771479999994,86.53857400000015,95.38476599999922,107.69238299999961,134.23095699999976,105.25634799999989,127.94873000000007,-326.28198199999997,117.94873000000007
286,110.38476599999922,-22.30761700000039,112.43603499999972,142.17968800000017,158.46142599999985,97.69238299999961,85.0,98.58984400000008,106.79492200000004,125.51269500000035,109.87158199999976,128.20507799999996,-324.35888699999987,114.23095699999976
287,109.48730499999965,-17.179442999999992,114.74365200000011,148.0771479999994,153.3334960000002,101.6665039999998,91.15380900000036,106.41015599999992,111.41015599999992,126.0258789999998,115.38476599999922,129.48730499999965,-318.84619099999964,115.51269500000035
288,108.9741210000002,-14.230713000000378,117.56396500000028,149.87158199999976,147.05126999999993,102.56396500000028,99.87158199999976,113.20507799999996,117.82031300000017,134.48730499999965,116.53857400000015,129.23095699999976,-313.46142599999985,118.9741210000002
289,106.6665039999998,-16.025634999999966,117.30761700000039,146.79492200000004,140.89746099999957,101.0258789999998,104.87158199999976,114.87158199999976,120.64111300000059,145.12841800000024,111.0258789999998,125.64111300000059,-311.79492200000004,118.20507799999996
290,101.9228520000006,-21.153809000000365,112.82031300000017,140.89746099999957,135.89746099999957,99.74365200000011,103.0771479999994,111.53857400000015,118.20507799999996,152.6923829999996,102.17968800000017,119.23095699999976,-314.2307130000004,114.35888699999941
291,96.53857400000015,-26.025634999999966,106.79492200000004,135.76904300000024,134.87158199999976,100.89746099999957,97.94873000000007,107.05126999999993,113.0771479999994,155.89746099999957,97.05126999999993,113.9741210000002,-317.0512700000004,113.9741210000002
292,92.94873000000007,-26.794922000000042,102.94873000000007,134.10253900000043,139.87158199999976,104.87158199999976,95.89746099999957,106.41015599999992,109.87158199999976,154.48730499999965,100.25634799999989,113.7177729999994,-315.38452099999995,116.6665039999998
293,92.05126999999993,-23.71801800000003,103.3334960000002,135.89746099999957,148.84619099999964,110.38476599999922,99.35888699999941,110.12841800000024,110.51269500000035,147.82031300000017,109.87158199999976,118.46142599999985,-308.33325200000036,116.41015599999992
294,92.05126999999993,-21.153809000000365,105.76904300000024,138.58984400000008,154.10253900000043,116.53857400000015,104.74365200000011,114.35888699999941,112.69238299999961,136.2822270000006,118.46142599999985,123.3334960000002,-300.5129390000002,112.56396500000028
295,90.12841800000024,-23.58984399999963,106.2822270000006,139.48730499999965,148.3334960000002,124.10253900000043,105.76904300000024,113.84619099999964,112.69238299999961,123.58984400000008,119.35888699999941,122.82031300000017,-297.9487299999996,111.41015599999992
296,85.51269500000035,-31.025634999999966,102.94873000000007,137.43603499999972,132.82031300000017,135.6411130000006,99.74365200000011,107.69238299999961,109.87158199999976,115.38476599999922,112.43603499999972,116.15380900000036,-302.4357909999994,114.23095699999976
297,79.87158199999976,-38.58984399999963,96.9228520000006,133.46142599999985,118.3334960000002,151.6665039999998,90.64111300000059,99.35888699999941,106.0258789999998,114.87158199999976,103.20507799999996,107.43603499999972,-309.8718259999996,114.10253900000043
298,75.25634799999989,-42.30761700000039,91.41015599999992,128.3334960000002,115.12841800000024,168.58984400000008,84.10253900000043,93.3334960000002,102.94873000000007,118.84619099999964,98.0771479999994,102.05126999999993,-314.8718259999996,108.7177729999994
299,71.0258789999998,-42.948729999999614,88.58984400000008,122.69238299999961,123.0771479999994,180.38476599999922,82.69238299999961,89.87158199999976,100.0,120.25634799999989,97.43603499999972,101.79492200000004,-315.38452099999995,105.51269500000035
300,65.51269500000035,-44.8718259999996,87.69238299999961,117.43603499999972,132.3076170000004,183.9741210000002,84.35888699999941,86.6665039999998,95.64111300000059,114.48730499999965,96.53857400000015,103.58984400000008,-313.20507799999996,109.10253900000043
301,58.589844000000085,-50.51293900000019,86.53857400000015,114.23095699999976,132.82031300000017,183.7177729999994,85.25634799999989,82.05126999999993,90.25634799999989,105.25634799999989,91.41015599999992,103.20507799999996,-310.64111300000013,113.84619099999964
302,52.17968800000017,-58.20507799999996,83.84619099999964,114.23095699999976,125.25634799999989,188.20507799999996,84.35888699999941,77.94873000000007,87.43603499999972,103.20507799999996,83.0771479999994,99.61523400000078,-308.20507799999996,113.3334960000002
303,49.61523400000078,-62.435790999999426,81.41015599999992,116.9228520000006,118.7177729999994,203.84619099999964,84.48730499999965,78.3334960000002,91.15380900000036,116.79492200000004,77.82031300000017,96.15380900000036,-303.84619099999964,110.76904300000024
304,52.56396500000028,-59.74365200000011,82.05126999999993,120.38476599999922,121.79492200000004,228.84619099999964,88.46142599999985,85.89746099999957,102.17968800000017,141.6665039999998,81.15380900000036,96.79492200000004,-296.15380900000036,111.53857400000015
305,58.974121000000196,-51.79492200000004,86.53857400000015,122.56396500000028,133.20507799999996,254.23095699999976,95.76904300000024,97.30761700000039,115.51269500000035,160.12841800000024,91.79492200000004,102.56396500000028,-287.179443,113.3334960000002
306,63.333496000000196,-45.25634799999989,91.6665039999998,122.69238299999961,141.41015599999992,269.87158199999976,101.6665039999998,105.0,122.17968800000017,154.23095699999976,101.9228520000006,109.35888699999941,-282.6923829999996,111.15380900000036
307,60.76904300000024,-46.53857400000015,93.20507799999996,121.0258789999998,135.38476599999922,271.2822270000006,100.76904300000024,102.94873000000007,116.53857400000015,123.0771479999994,103.0771479999994,111.79492200000004,-287.3076170000004,107.56396500000028
308,52.05126999999993,-55.89746100000002,90.38476599999922,119.23095699999976,116.0258789999998,262.4360349999997,93.20507799999996,92.56396500000028,101.53857400000015,86.79492200000004,93.84619099999964,108.46142599999985,-298.46142599999985,108.58984400000008
309,43.7177729999994,-65.51293900000019,87.05126999999993,119.23095699999976,97.56396500000028,252.56396500000028,84.61523400000078,82.05126999999993,86.9228520000006,71.9228520000006,82.05126999999993,103.20507799999996,-306.41015600000037,112.82031300000017
310,42.82031300000017,-66.15380900000036,87.82031300000017,122.30761700000039,96.79492200000004,248.46142599999985,82.69238299999961,80.0,82.17968800000017,89.74365200000011,78.84619099999964,101.9228520000006,-301.41015600000037,113.3334960000002
311,50.38476599999922,-55.64111300000013,93.9741210000002,127.94873000000007,117.17968800000017,249.61523400000078,89.87158199999976,88.7177729999994,88.46142599999985,126.9228520000006,88.58984400000008,107.17968800000017,-283.20507799999996,110.12841800000024
312,60.76904300000024,-41.153809000000365,101.79492200000004,133.46142599999985,143.7177729999994,249.61523400000078,100.89746099999957,101.9228520000006,98.3334960000002,155.76904300000024,104.74365200000011,115.89746099999957,-262.179443,109.48730499999965
313,65.12841800000024,-33.33325200000036,105.64111300000059,136.0258789999998,154.10253900000043,241.9228520000006,106.6665039999998,110.38476599999922,102.56396500000028,155.51269500000035,116.0258789999998,121.79492200000004,-251.02563499999997,112.69238299999961
314,58.7177729999994,-37.435790999999426,102.56396500000028,133.7177729999994,138.20507799999996,225.6411130000006,101.79492200000004,108.58984400000008,97.30761700000039,128.20507799999996,115.76904300000024,120.76904300000024,-255.38452099999995,113.84619099999964
315,44.74365200000011,-49.48706099999981,95.0,127.82031300000017,107.69238299999961,205.51269500000035,88.84619099999964,98.58984400000008,87.82031300000017,96.9228520000006,106.41015599999992,114.10253900000043,-269.35888699999987,110.64111300000059
316,32.56396500000028,-59.74365200000011,88.7177729999994,122.30761700000039,87.17968800000017,189.3588869999994,77.05126999999993,88.7177729999994,83.3334960000002,87.30761700000039,97.30761700000039,108.0771479999994,-280.897461,108.58984400000008
317,30.769043000000238,-60.0,89.23095699999976,121.79492200000004,94.87158199999976,183.20507799999996,75.76904300000024,87.30761700000039,89.35888699999941,107.43603499999972,97.05126999999993,108.58984400000008,-279.8718259999996,110.64111300000059
318,40.897460999999566,-49.35888699999987,97.05126999999993,126.9228520000006,127.17968800000017,187.94873000000007,86.9228520000006,96.6665039999998,103.0771479999994,142.3076170000004,106.53857400000015,116.41015599999992,-266.28198199999997,112.30761700000039
319,55.64111300000059,-34.74365200000011,107.30761700000039,133.58984400000008,161.41015599999992,198.3334960000002,103.20507799999996,111.2822270000006,116.2822270000006,166.9228520000006,118.7177729999994,125.76904300000024,-249.61547900000005,110.12841800000024
320,63.46142599999985,-26.794922000000042,112.30761700000039,135.12841800000024,172.6923829999996,204.61523400000078,112.94873000000007,121.0258789999998,121.15380900000036,165.51269500000035,123.7177729999994,129.23095699999976,-242.43579099999943,108.7177729999994
321,57.17968800000017,-32.17944299999999,107.17968800000017,128.58984400000008,152.3076170000004,197.94873000000007,108.20507799999996,118.0771479999994,115.38476599999922,141.79492200000004,116.6665039999998,122.94873000000007,-250.1281740000004,112.30761700000039
322,38.46142599999985,-49.10253899999998,93.9741210000002,117.82031300000017,112.05126999999993,176.79492200000004,91.15380900000036,102.30761700000039,101.79492200000004,112.05126999999993,100.64111300000059,109.23095699999976,-268.33325200000036,115.38476599999922
323,17.17968800000017,-68.33325200000036,79.87158199999976,109.74365200000011,74.74365200000011,148.7177729999994,71.79492200000004,81.6665039999998,86.53857400000015,92.56396500000028,84.35888699999941,94.87158199999976,-285.64111300000013,111.9228520000006
324,4.102539000000434,-79.48706099999981,72.56396500000028,109.23095699999976,58.846190999999635,128.46142599999985,61.025878999999804,67.30761700000039,77.05126999999993,89.35888699999941,75.51269500000035,86.6665039999998,-292.5642090000006,105.51269500000035
325,4.6152340000007825,-77.30761700000039,75.0,114.74365200000011,69.87158199999976,127.56396500000028,63.589844000000085,66.2822270000006,77.05126999999993,98.0771479999994,77.05126999999993,88.0771479999994,-286.66674799999964,103.46142599999985
326,15.769043000000238,-65.64111300000013,83.46142599999985,119.61523400000078,97.94873000000007,145.12841800000024,75.76904300000024,77.30761700000039,84.48730499999965,108.46142599999985,86.0258789999998,96.79492200000004,-272.179443,105.64111300000059
327,28.461425999999847,-53.46142599999985,91.15380900000036,118.7177729999994,124.61523400000078,165.76904300000024,88.3334960000002,91.15380900000036,92.94873000000007,111.9228520000006,96.53857400000015,106.41015599999992,-257.3076170000004,106.15380900000036
328,34.35888699999941,-47.948729999999614,93.20507799999996,112.17968800000017,135.6411130000006,168.3334960000002,94.10253900000043,97.94873000000007,97.05126999999993,107.05126999999993,103.0771479999994,110.89746099999957,-248.46142599999985,105.25634799999989
329,31.410155999999915,-49.23071300000038,90.12841800000024,106.0258789999998,131.53857400000015,141.9228520000006,91.6665039999998,94.23095699999976,95.89746099999957,100.25634799999989,103.9741210000002,108.84619099999964,-247.0512700000004,107.94873000000007
330,24.358886999999413,-52.17944299999999,86.41015599999992,106.79492200000004,125.38476599999922,94.23095699999976,85.89746099999957,85.12841800000024,93.0771479999994,100.64111300000059,101.41015599999992,104.10253900000043,-248.97436500000003,113.7177729999994
331,19.871581999999762,-51.153809000000365,86.53857400000015,116.6665039999998,128.46142599999985,46.025878999999804,82.56396500000028,79.61523400000078,92.05126999999993,112.43603499999972,99.23095699999976,101.6665039999998,-248.97436500000003,115.51269500000035
332,20.51269500000035,-45.51293900000019,90.76904300000024,129.61523400000078,137.94873000000007,16.025878999999804,84.23095699999976,82.43603499999972,94.23095699999976,130.6411130000006,99.10253900000043,103.7177729999994,-244.61547900000005,111.79492200000004
333,23.974121000000196,-38.46142599999985,95.76904300000024,136.41015599999992,140.51269500000035,8.717772999999397,88.0771479999994,90.89746099999957,97.30761700000039,143.20507799999996,100.0,107.56396500000028,-237.820557,109.35888699999941
334,25.897460999999566,-34.23071300000038,97.56396500000028,132.6923829999996,126.6665039999998,14.871581999999762,90.0,98.7177729999994,97.56396500000028,139.7436520000001,99.61523400000078,109.74365200000011,-232.6923829999996,110.76904300000024
335,24.74365200000011,-34.74365200000011,95.25634799999989,122.94873000000007,101.53857400000015,21.153809000000365,87.82031300000017,101.6665039999998,94.35888699999941,120.76904300000024,98.58984400000008,108.7177729999994,-231.15380900000036,110.64111300000059
336,22.43603499999972,-38.20507799999996,91.53857400000015,116.0258789999998,81.9228520000006,20.128418000000238,84.10253900000043,100.38476599999922,90.76904300000024,99.48730499999965,99.23095699999976,106.53857400000015,-232.179443,106.0258789999998
337,21.538574000000153,-41.92309599999999,89.74365200000011,117.05126999999993,82.94873000000007,13.717772999999397,82.17968800000017,98.84619099999964,90.76904300000024,92.82031300000017,102.69238299999961,106.15380900000036,-232.9487299999996,103.0771479999994
338,22.94873000000007,-43.33325200000036,90.38476599999922,123.3334960000002,106.53857400000015,9.230956999999762,83.0771479999994,99.48730499999965,95.25634799999989,106.9228520000006,107.94873000000007,107.94873000000007,-231.41015600000037,106.41015599999992
339,25.128418000000238,-41.53857400000015,91.6665039999998,128.46142599999985,139.61523400000078,11.794922000000042,85.64111300000059,101.9228520000006,101.0258789999998,130.76904300000024,112.05126999999993,110.64111300000059,-227.56420900000057,110.51269500000035
340,26.666503999999804,-37.564209000000574,92.05126999999993,127.94873000000007,162.3076170000004,20.384765999999217,87.56396500000028,103.58984400000008,104.23095699999976,146.0258789999998,113.3334960000002,111.9228520000006,-221.66674799999964,108.9741210000002
341,25.51269500000035,-33.846190999999635,90.51269500000035,121.6665039999998,160.0,28.846190999999635,87.82031300000017,102.43603499999972,103.7177729999994,141.53857400000015,111.79492200000004,110.76904300000024,-215.64111300000013,105.25634799999989
342,20.769043000000238,-33.20507799999996,86.6665039999998,112.30761700000039,133.58984400000008,31.282227000000603,85.76904300000024,98.20507799999996,101.2822270000006,121.6665039999998,108.20507799999996,106.6665039999998,-212.9487299999996,105.64111300000059
343,12.82031300000017,-36.153809000000365,81.15380900000036,104.23095699999976,99.48730499999965,28.077147999999397,81.79492200000004,93.58984400000008,99.35888699999941,101.79492200000004,103.7177729999994,100.25634799999989,-215.5129390000002,108.46142599999985
344,5.512695000000349,-39.61547900000005,76.79492200000004,102.69238299999961,81.41015599999992,26.282227000000603,78.46142599999985,92.30761700000039,99.10253900000043,96.15380900000036,100.51269500000035,94.48730499999965,-220.76928699999962,107.69238299999961
345,3.846190999999635,-39.35888699999987,77.69238299999961,110.64111300000059,92.82031300000017,31.666503999999804,79.48730499999965,96.15380900000036,101.15380900000036,108.46142599999985,100.76904300000024,94.48730499999965,-222.820557,104.87158199999976
346,10.0,-33.46142599999985,85.0,125.38476599999922,126.41015599999992,44.23095699999976,86.0258789999998,103.58984400000008,105.25634799999989,129.87158199999976,105.38476599999922,102.05126999999993,-217.6923829999996,106.0258789999998
347,20.25634799999989,-24.61547900000005,95.38476599999922,138.7177729999994,159.23095699999976,57.17968800000017,95.0,110.12841800000024,109.35888699999941,145.12841800000024,111.9228520000006,113.58984400000008,-208.076904,110.38476599999922
348,28.205077999999958,-18.205077999999958,102.30761700000039,142.6923829999996,170.89746099999957,63.974121000000196,100.38476599999922,111.79492200000004,111.15380900000036,144.87158199999976,116.0258789999998,121.41015599999992,-200.64111300000013,111.15380900000036
349,28.333496000000196,-18.076904000000013,101.79492200000004,136.2822270000006,158.0771479999994,62.30761700000039,98.46142599999985,108.0771479999994,110.38476599999922,133.46142599999985,115.25634799999989,120.89746099999957,-200.0,107.56396500000028
350,21.282227000000603,-23.333252000000357,95.51269500000035,126.53857400000015,133.46142599999985,56.025878999999804,91.79492200000004,102.56396500000028,108.46142599999985,124.10253900000043,110.76904300000024,113.46142599999985,-204.7436520000001,105.76904300000024
351,13.461425999999847,-28.461425999999847,89.61523400000078,122.94873000000007,114.61523400000078,51.9228520000006,87.05126999999993,100.38476599999922,107.94873000000007,126.41015599999992,107.69238299999961,106.41015599999992,-207.820557,107.82031300000017
352,12.307617000000391,-27.30761700000039,90.76904300000024,129.61523400000078,112.05126999999993,55.0,89.61523400000078,104.35888699999941,110.38476599999922,138.9741210000002,110.76904300000024,106.9228520000006,-201.79492200000004,108.0771479999994
353,19.74365200000011,-19.74365200000011,99.87158199999976,141.79492200000004,124.48730499999965,64.48730499999965,98.7177729999994,112.94873000000007,115.25634799999989,151.79492200000004,120.64111300000059,116.41015599999992,-186.41015600000037,105.12841800000024
354,30.0,-12.051270000000386,110.51269500000035,149.48730499999965,139.87158199999976,74.35888699999941,107.82031300000017,120.51269500000035,120.25634799999989,155.76904300000024,132.43603499999972,128.58984400000008,-170.0,105.0
355,33.333496000000196,-12.692382999999609,113.9741210000002,145.6411130000006,143.9741210000002,77.94873000000007,109.74365200000011,121.53857400000015,122.05126999999993,148.3334960000002,138.58984400000008,133.7177729999994,-163.84619099999964,110.76904300000024
356,24.358886999999413,-23.71801800000003,106.2822270000006,131.53857400000015,132.17968800000017,73.0771479999994,102.43603499999972,114.74365200000011,118.0771479999994,133.46142599999985,133.58984400000008,126.15380900000036,-172.6923829999996,115.38476599999922
357,6.794922000000042,-38.846190999999635,91.79492200000004,115.25634799999989,112.82031300000017,63.20507799999996,90.51269500000035,103.20507799999996,108.84619099999964,118.46142599999985,118.84619099999964,109.61523400000078,-190.5129390000002,112.94873000000007
358,-9.743652000000111,-48.58984399999963,79.35888699999941,105.25634799999989,99.61523400000078,54.87158199999976,80.51269500000035,92.05126999999993,98.3334960000002,109.35888699999941,102.56396500000028,94.23095699999976,-205.76928699999962,107.82031300000017
359,-16.538574000000153,-47.69238299999961,75.25634799999989,105.25634799999989,100.12841800000024,52.69238299999961,76.41015599999992,85.38476599999922,91.53857400000015,107.69238299999961,94.23095699999976,88.46142599999985,-210.38452099999995,106.53857400000015
360,-12.051270000000386,-38.46142599999985,79.35888699999941,113.3334960000002,110.25634799999989,57.43603499999972,77.82031300000017,84.23095699999976,91.15380900000036,111.0258789999998,96.9228520000006,93.58984400000008,-204.4870609999998,107.30761700000039
361,-1.7949220000000423,-28.58984399999963,86.6665039999998,123.9741210000002,121.2822270000006,66.15380900000036,81.79492200000004,87.05126999999993,95.12841800000024,115.76904300000024,105.89746099999957,103.0771479999994,-195.1281740000004,104.74365200000011
362,6.410155999999915,-24.61547900000005,91.9228520000006,131.53857400000015,127.69238299999961,75.25634799999989,85.64111300000059,91.2822270000006,99.23095699999976,119.23095699999976,113.20507799999996,109.48730499999965,-188.58984399999963,101.79492200000004
363,7.692382999999609,-27.30761700000039,92.94873000000007,133.0771479999994,129.7436520000001,81.15380900000036,88.20507799999996,94.74365200000011,99.61523400000078,120.12841800000024,114.23095699999976,109.10253900000043,-186.923096,104.35888699999941
364,2.6923829999996087,-32.69238299999961,90.25634799999989,128.9741210000002,128.0771479999994,82.43603499999972,89.35888699999941,96.41015599999992,96.15380900000036,117.56396500000028,109.61523400000078,103.58984400000008,-187.820557,110.0
365,-5.38452099999995,-36.66674799999964,85.51269500000035,120.64111300000059,121.9228520000006,79.35888699999941,88.58984400000008,95.38476599999922,91.79492200000004,111.6665039999998,103.20507799999996,96.41015599999992,-189.61547900000005,110.76904300000024
366,-13.333252000000357,-38.07690400000001,81.15380900000036,111.2822270000006,110.76904300000024,74.48730499999965,86.41015599999992,91.6665039999998,89.61523400000078,104.35888699999941,97.56396500000028,90.76904300000024,-192.56420900000057,106.2822270000006
367,-17.948729999999614,-37.30761700000039,79.10253900000043,105.76904300000024,98.3334960000002,72.30761700000039,84.74365200000011,87.43603499999972,91.2822270000006,99.48730499999965,95.12841800000024,88.7177729999994,-195.64111300000013,103.20507799999996
368,-17.051270000000386,-33.846190999999635,81.79492200000004,108.3334960000002,90.89746099999957,75.89746099999957,86.53857400000015,86.2822270000006,96.6665039999998,100.25634799999989,98.20507799999996,91.53857400000015,-195.0,103.84619099999964
369,-9.8718259999996,-26.666747999999643,88.9741210000002,119.23095699999976,93.84619099999964,84.61523400000078,92.82031300000017,90.25634799999989,103.20507799999996,106.15380900000036,107.30761700000039,100.0,-186.02563499999997,103.84619099999964
370,0.12841800000023795,-17.051270000000386,97.30761700000039,131.6665039999998,107.56396500000028,93.9741210000002,100.0,97.94873000000007,107.94873000000007,112.94873000000007,118.9741210000002,111.53857400000015,-170.89746100000002,102.05126999999993
371,6.538574000000153,-10.1281740000004,101.6665039999998,136.2822270000006,127.94873000000007,98.7177729999994,102.69238299999961,104.74365200000011,108.7177729999994,116.2822270000006,126.6665039999998,121.15380900000036,-158.71801800000003,103.58984400000008
372,4.358886999999413,-11.025634999999966,99.10253900000043,129.3588869999994,146.79492200000004,96.53857400000015,97.30761700000039,106.6665039999998,106.15380900000036,115.76904300000024,126.15380900000036,123.20507799999996,-158.076904,109.10253900000043
373,-5.897461000000021,-20.38452099999995,91.41015599999992,116.79492200000004,153.9741210000002,89.23095699999976,86.6665039999998,103.58984400000008,102.94873000000007,115.76904300000024,118.0771479999994,116.6665039999998,-169.61547900000005,110.89746099999957
374,-18.71801800000003,-33.58984399999963,83.9741210000002,108.46142599999985,142.56396500000028,81.15380900000036,77.17968800000017,98.20507799999996,101.2822270000006,121.0258789999998,107.43603499999972,105.76904300000024,-184.61547900000005,104.61523400000078
375,-27.30761700000039,-43.58984399999963,81.0258789999998,109.23095699999976,115.12841800000024,76.41015599999992,74.23095699999976,94.35888699999941,101.6665039999998,132.3076170000004,100.64111300000059,96.6665039999998,-191.15380900000036,97.43603499999972
376,-27.564209000000574,-45.51293900000019,82.82031300000017,115.89746099999957,85.76904300000024,77.05126999999993,78.46142599999985,94.10253900000043,103.20507799999996,145.0,101.79492200000004,93.9741210000002,-182.56420900000057,96.9228520000006
377,-20.1281740000004,-39.35888699999987,86.15380900000036,120.64111300000059,72.30761700000039,82.30761700000039,86.6665039999998,97.82031300000017,105.76904300000024,152.82031300000017,110.51269500000035,98.3334960000002,-160.38452099999995,100.64111300000059
378,-9.358886999999868,-30.1281740000004,88.84619099999964,118.9741210000002,83.9741210000002,90.12841800000024,94.74365200000011,104.10253900000043,110.0,152.43603499999972,122.05126999999993,106.9228520000006,-132.9487299999996,102.43603499999972
379,-1.153809000000365,-24.8718259999996,90.38476599999922,112.05126999999993,115.12841800000024,97.69238299999961,100.89746099999957,110.76904300000024,116.2822270000006,146.2822270000006,131.15380900000036,115.51269500000035,-110.0,102.69238299999961
380,0.8974609999995664,-28.71801800000003,91.41015599999992,104.87158199999976,148.3334960000002,102.94873000000007,105.25634799999989,115.25634799999989,122.30761700000039,139.10253900000043,134.3588869999994,120.76904300000024,-97.05127000000039,105.38476599999922
381,-3.9741210000001956,-41.79492200000004,91.41015599999992,100.76904300000024,163.9741210000002,104.48730499999965,107.56396500000028,115.38476599999922,123.9741210000002,133.84619099999964,132.05126999999993,121.0258789999998,-93.46142599999985,107.69238299999961
382,-13.71801800000003,-60.38452099999995,88.7177729999994,99.23095699999976,150.6411130000006,100.12841800000024,105.64111300000059,110.38476599999922,117.82031300000017,130.38476599999922,127.17968800000017,115.76904300000024,-95.25634799999989,104.74365200000011
383,-25.89746100000002,-79.35888699999987,82.43603499999972,97.05126999999993,111.2822270000006,88.9741210000002,97.69238299999961,101.15380900000036,105.38476599999922,127.82031300000017,122.69238299999961,106.9228520000006,-98.58984399999963,99.35888699999941
