,0,1,2,3,4,5,6,7,8,9,10,11,12,13,14
0,0.0,-59.23071300000038,-250.38452099999995,100.38476599999922,106.53857400000015,118.33349600000021,122.82031300000016,121.28222700000059,130.51269500000035,123.71777299999941,118.58984400000007,96.15380900000036,118.58984400000007,-309.7436520000001,113.07714799999941
1,1.0,-65.1281740000004,-250.897461,99.48730499999964,106.02587899999979,115.38476599999922,123.33349600000021,121.92285200000059,127.05126999999992,121.02587899999979,110.12841800000022,90.76904300000022,112.6923829999996,-311.15380900000036,109.87158199999978
2,2.0,-69.8718259999996,-252.82055699999998,97.05126999999992,104.48730499999964,109.10253900000043,121.79492200000004,120.25634799999986,124.74365200000014,117.82031300000016,101.92285200000059,87.82031300000017,106.02587899999979,-316.66674799999964,109.35888699999941
3,3.0,-70.51293900000019,-253.58984399999963,93.58984400000007,102.56396500000028,102.82031300000016,119.23095699999978,117.3076170000004,124.35888699999941,115.76904300000022,100.25634799999986,87.82031300000017,102.56396500000028,-320.5129390000002,111.79492200000004
4,4.0,-67.05127000000039,-250.7692869999996,90.12841800000022,100.25634799999986,100.76904300000022,117.6923829999996,114.87158199999978,126.15380900000036,116.02587899999979,106.79492200000004,89.74365200000011,103.46142599999985,-317.6923829999996,111.92285200000059
5,5.0,-62.17944299999999,-244.4870609999998,87.82031300000017,98.33349600000021,104.61523400000078,118.20507799999996,114.74365200000014,129.10253900000043,118.71777299999941,117.56396500000028,91.66650399999979,107.6923829999996,-308.33325200000036,108.71777299999941
6,6.0,-59.61547900000005,-237.43579099999943,87.69238299999962,97.43603499999972,111.02587899999979,119.61523400000078,117.17968800000016,131.53857400000015,121.92285200000059,125.38476599999922,92.6923829999996,112.3076170000004,-298.205078,106.79492200000004
7,7.0,-60.0,-232.43579099999943,89.23095699999978,98.07714799999941,115.0,120.25634799999986,120.76904300000022,132.05126999999993,123.33349600000021,125.76904300000022,92.56396500000028,113.97412100000021,-293.33325200000036,108.20507799999996
8,8.0,-60.38452099999995,-229.102539,91.15380900000036,100.51269500000036,115.12841800000022,120.25634799999986,124.61523400000078,130.76904300000024,122.43603499999972,120.25634799999986,92.56396500000028,112.56396500000028,-293.9743650000001,108.84619099999964
9,9.0,-56.923095999999994,-226.15380900000042,92.94873000000008,103.84619099999964,113.97412100000021,121.79492200000004,128.46142599999985,128.9741210000002,120.89746099999957,114.74365200000014,92.82031300000016,110.25634799999986,-295.2563479999999,107.43603499999972
10,10.0,-51.02563499999997,-223.076904,94.23095699999978,105.89746099999957,114.10253900000043,125.12841800000022,131.6665039999998,128.3334960000002,120.25634799999986,113.07714799999941,91.66650399999979,108.97412100000021,-294.10253900000004,108.07714799999941
11,11.0,-48.333252000000364,-221.281982,94.10253900000043,104.61523400000078,115.25634799999986,128.0771479999994,133.3334960000002,128.84619099999964,120.51269500000036,113.58984400000007,87.30761700000038,108.07714799999941,-291.41015600000037,112.94873000000008
12,12.0,-52.17944299999999,-221.15380900000042,92.17968800000016,100.89746099999957,116.02587899999979,128.58984400000008,133.3334960000002,129.61523400000078,121.02587899999979,112.43603499999972,81.15380900000036,106.53857400000015,-290.5129390000002,116.79492200000004
13,13.0,-58.076904000000006,-221.15380900000042,89.87158199999978,98.84619099999964,116.02587899999979,127.05126999999992,132.82031300000014,130.12841800000024,121.28222700000059,108.84619099999964,77.30761700000039,105.0,-292.43579099999937,115.0
14,14.0,-58.71801800000003,-219.2307130000004,89.61523400000078,101.92285200000059,115.89746099999957,125.64111300000059,132.82031300000014,130.51269500000035,121.15380900000036,105.51269500000036,78.9741210000002,105.76904300000022,-294.8718259999996,111.02587899999979
15,15.0,-50.64111300000013,-214.87182599999957,92.17968800000016,108.71777299999941,115.64111300000059,125.64111300000059,133.46142599999985,130.25634799999992,120.51269500000036,105.51269500000036,84.87158199999976,109.10253900000043,-294.61547900000005,110.51269500000036
16,16.0,-38.58984399999963,-209.2307130000004,95.25634799999986,114.10253900000043,114.23095699999978,127.17968800000016,133.9741210000002,129.10253900000043,119.10253900000043,108.20507799999996,90.64111300000059,112.56396500000028,-289.8718259999996,112.17968800000016
17,17.0,-31.025634999999966,-204.102539,96.15380900000036,112.94873000000008,111.41015599999993,129.3588869999994,133.7177729999994,126.53857400000015,117.17968800000016,109.87158199999978,92.43603499999972,112.82031300000016,-281.66674799999964,111.66650399999979
18,18.0,-33.718018000000036,-201.79492200000004,93.71777299999941,104.87158199999978,107.6923829999996,130.25634799999992,132.17968800000014,123.20507799999996,115.38476599999922,106.92285200000059,89.87158199999978,109.10253900000043,-275.25634799999995,110.0
19,19.0,-43.71801800000003,-203.205078,89.48730499999965,94.74365200000014,104.10253900000043,128.20507799999996,129.87158199999976,120.25634799999986,114.10253900000043,99.87158199999978,86.41015599999993,103.84619099999964,-275.0,111.28222700000059
20,20.0,-49.8718259999996,-205.38452099999995,86.79492200000004,89.87158199999978,103.46142599999985,124.48730499999964,127.6923829999996,119.10253900000043,113.84619099999964,93.84619099999964,86.79492200000004,101.66650399999979,-279.35888699999987,114.10253900000043
21,21.0,-40.64111300000013,-202.820557,88.84619099999964,94.23095699999978,108.07714799999941,122.43603499999972,127.3076170000004,120.64111300000059,115.0,95.25634799999986,93.33349600000021,106.41015599999993,-280.1281740000004,112.94873000000008
22,22.0,-15.769286999999624,-192.69238299999958,96.15380900000036,105.38476599999922,116.79492200000004,123.97412100000021,128.7177729999994,124.35888699999941,117.82031300000016,105.0,102.94873000000008,117.6923829999996,-270.89746099999996,108.20507799999996
23,23.0,10.641113000000587,-178.33325200000039,104.74365200000014,116.02587899999979,124.10253900000043,126.92285200000059,130.25634799999992,127.82031300000016,120.76904300000022,116.41015599999993,108.33349600000021,128.84619099999964,-253.97436500000003,106.66650399999979
24,24.0,21.538574000000157,-166.02563499999997,109.10253900000043,119.74365200000014,124.48730499999964,127.82031300000016,129.3588869999994,128.46142599999985,121.66650399999979,121.15380900000036,104.35888699999941,132.6923829999996,-238.3332520000004,110.38476599999922
25,25.0,13.974121000000196,-159.23071300000038,106.92285200000059,116.92285200000059,118.46142599999985,125.12841800000022,125.89746099999957,126.02587899999979,119.87158199999978,116.41015599999993,93.97412100000021,128.0771479999994,-228.205078,113.58984400000007
26,26.0,3.333496000000196,-156.28198199999997,101.92285200000059,113.33349600000021,111.28222700000059,121.41015599999993,121.41015599999993,121.92285200000059,116.53857400000015,107.05126999999992,87.17968800000017,122.82031300000016,-220.5129390000002,113.07714799999941
27,27.0,9.615234000000783,-152.6923829999996,100.51269500000036,114.23095699999978,108.46142599999985,118.71777299999941,118.20507799999996,118.33349600000021,113.84619099999964,100.38476599999922,92.17968800000016,126.28222700000059,-211.15380900000042,112.82031300000016
28,28.0,41.2822270000006,-143.97436500000003,106.02587899999979,119.87158199999978,110.89746099999957,117.94873000000008,117.05126999999992,116.28222700000059,113.20507799999996,99.87158199999978,108.46142599999985,141.6665039999998,-199.74365200000008,115.12841800000022
29,29.0,89.35888699999941,-129.35888699999987,116.53857400000015,126.53857400000015,115.38476599999922,118.58984400000007,117.43603499999972,116.02587899999979,114.74365200000014,104.35888699999941,127.82031300000016,163.9741210000002,-188.076904,115.76904300000022
30,30.0,137.17968800000014,-113.33325200000036,127.05126999999992,130.51269500000035,118.33349600000021,119.74365200000014,118.20507799999996,117.94873000000008,117.56396500000028,110.64111300000059,141.79492200000004,184.10253900000043,-174.61547900000005,112.05126999999992
31,31.0,173.58984400000008,-103.58984399999964,132.94873000000007,131.6665039999998,117.05126999999992,119.87158199999978,118.58984400000007,121.15380900000036,119.10253900000043,114.87158199999978,146.1538090000004,195.25634799999992,-155.25634799999992,109.23095699999978
32,32.0,203.0771479999994,-103.84619099999964,132.56396500000028,132.05126999999993,111.79492200000004,117.94873000000008,117.82031300000016,123.97412100000021,117.94873000000008,115.76904300000022,142.82031300000014,196.9228520000006,-128.33325200000036,111.92285200000059
33,33.0,242.4360349999997,-106.53857400000015,128.7177729999994,134.10253900000043,105.38476599999922,114.74365200000014,116.66650399999979,125.12841800000022,114.74365200000014,115.0,138.3334960000002,195.3847659999992,-97.0512700000004,116.15380900000036
34,34.0,303.3334960000002,-97.9487299999996,126.92285200000059,139.48730499999965,101.53857400000015,112.3076170000004,116.28222700000059,124.48730499999964,112.6923829999996,115.76904300000022,140.0,198.8461909999996,-67.30761700000039,115.0
35,35.0,378.0771479999994,-71.92309599999999,129.87158199999976,146.79492200000004,101.02587899999979,111.53857400000015,117.17968800000016,122.43603499999972,113.97412100000021,118.46142599999985,149.48730499999962,209.10253900000043,-43.333252000000364,110.38476599999922
36,36.0,444.61523400000084,-38.84619099999964,135.38476599999922,153.8461909999996,102.17968800000016,111.41015599999993,118.20507799999996,119.74365200000014,117.05126999999992,120.25634799999986,161.2822270000006,220.64111300000062,-22.051270000000386,109.10253900000043
37,37.0,488.97412100000014,-17.69238299999961,138.84619099999964,158.9741210000002,102.6923829999996,110.0,117.56396500000028,117.17968800000016,117.6923829999996,118.07714799999941,168.9741210000002,227.30761700000042,7.692382999999609,112.17968800000016
38,38.0,518.0771479999994,-17.948729999999614,138.7177729999994,162.9487300000001,102.05126999999992,107.43603499999972,114.48730499999964,116.02587899999979,113.20507799999996,112.82031300000016,171.0258789999998,228.7177729999994,59.87158199999976,114.23095699999978
39,39.0,549.3588869999994,-30.51293900000019,137.82031300000014,167.9487300000001,101.28222700000059,104.61523400000078,110.38476599999922,116.15380900000036,104.61523400000078,107.56396500000028,170.38476599999922,230.12841800000027,140.25634799999992,113.46142599999985
40,40.0,590.2563479999999,-35.89746100000002,138.7177729999994,174.23095699999973,100.51269500000036,102.05126999999992,106.92285200000059,116.41015599999993,95.12841800000022,103.84619099999964,168.7177729999994,234.74365200000008,240.89746099999957,113.33349600000021
41,41.0,631.4101559999998,-22.30761700000039,140.12841800000024,179.23095699999973,99.10253900000043,99.35888699999941,104.35888699999941,114.87158199999978,88.71777299999941,101.02587899999979,164.74365200000008,240.64111300000062,348.97412100000014,114.10253900000043
42,42.0,656.0258789999998,3.7177729999993967,138.58984400000008,180.25634799999992,96.02587899999979,96.53857400000015,102.43603499999972,111.02587899999979,86.79492200000004,97.56396500000028,157.43603499999972,242.4360349999997,459.87158199999976,112.17968800000016
43,43.0,655.5126950000002,24.615234000000786,132.56396500000028,178.20507799999996,90.51269500000036,93.84619099999964,100.38476599999922,106.41015599999993,87.82031300000017,93.84619099999964,148.0771479999994,237.05126999999996,582.4360349999997,107.94873000000008
44,44.0,638.4614259999997,29.102539000000434,125.25634799999986,177.17968800000014,82.43603499999972,90.25634799999986,97.56396500000028,102.6923829999996,88.33349600000021,90.38476599999922,140.51269500000035,226.9228520000006,729.6152340000008,107.05126999999992
45,45.0,628.0771479999994,24.74365200000011,121.28222700000059,181.9228520000006,73.3334960000002,85.38476599999922,93.71777299999941,100.38476599999922,85.64111300000059,87.82031300000017,137.82031300000014,218.9741210000002,905.8974609999997,110.76904300000022
46,46.0,645.8974609999996,32.82031300000017,123.33349600000021,193.8461909999996,66.9228520000006,80.89746099999957,90.25634799999986,99.74365200000014,80.38476599999922,86.41015599999993,140.6411130000006,220.25634799999992,1102.1796880000004,112.94873000000008
47,47.0,693.7177729999994,70.38476599999922,130.76904300000024,208.9741210000002,65.64111300000059,79.10253900000043,88.46142599999985,100.76904300000022,76.28222700000059,86.66650399999979,146.53857400000015,231.9228520000006,1301.9228520000004,109.61523400000078
48,48.0,749.4873049999997,135.89746099999957,138.84619099999964,220.0,67.94873000000007,79.74365200000011,88.97412100000021,102.82031300000016,75.38476599999922,87.56396500000028,151.6665039999998,247.82031300000014,1492.94873,106.02587899999979
49,49.0,783.0771479999994,215.0,141.9228520000006,222.56396500000028,70.0,81.15380900000036,90.12841800000022,104.23095699999978,77.30761700000039,87.94873000000005,153.9741210000002,258.0771479999994,1671.794922,107.6923829999996
50,50.0,779.8715819999996,297.6923829999996,137.3076170000004,218.9741210000002,69.48730499999965,81.79492200000004,90.38476599999922,104.10253900000043,79.35888699999941,87.43603499999972,154.23095699999976,256.4101559999999,1838.333496,111.41015599999993
51,51.0,750.7690430000004,388.8461909999997,128.20507799999996,215.76904300000027,68.0771479999994,81.79492200000004,89.48730499999965,102.94873000000008,79.48730499999965,86.79492200000004,155.0,245.51269500000038,1987.5639650000005,111.41015599999993
52,52.0,723.3334960000003,498.7177729999994,120.89746099999957,217.94873000000007,67.82031300000017,81.53857400000015,88.07714799999941,102.3076170000004,77.56396500000028,86.41015599999993,157.56396500000028,233.46142599999985,2110.512695000001,108.97412100000021
53,53.0,721.9228520000006,627.3076170000004,119.48730499999964,224.48730499999962,68.20507799999996,79.61523400000078,86.15380900000036,101.79492200000004,74.10253900000043,84.35888699999941,160.6411130000006,227.4360349999997,2203.974121,108.33349600000021
54,54.0,751.1538090000003,760.6411130000006,122.6923829999996,230.64111300000062,67.17968800000017,75.12841800000024,83.3334960000002,100.12841800000022,70.25634799999989,79.48730499999965,162.56396500000028,228.9741210000002,2277.436035,108.71777299999941
55,55.0,793.7177729999994,882.9487300000002,126.66650399999979,233.3334960000002,63.46142599999985,69.35888699999941,79.74365200000011,96.53857400000015,66.6665039999998,72.30761700000039,162.17968800000014,233.7177729999994,2345.512695000001,107.17968800000016
56,56.0,822.5639650000003,989.3588869999994,127.6923829999996,232.30761700000042,57.56396500000027,64.61523400000078,76.0258789999998,92.43603499999972,64.10253900000043,65.64111300000059,160.25634799999992,235.3847659999992,2413.7177729999994,105.76904300000022
57,57.0,823.2050780000001,1086.794922,124.87158199999978,228.9741210000002,51.53857400000015,61.66650399999981,72.94873000000007,89.61523400000078,62.56396500000027,61.02587899999981,158.46142599999985,231.79492200000004,2474.3588869999994,109.23095699999978
58,58.0,804.3588869999994,1186.5385740000004,120.51269500000036,225.3847659999992,48.3334960000002,60.76904300000024,71.53857400000015,89.10253900000043,61.66650399999981,59.23095699999976,159.74365200000008,225.89746099999957,2517.436035,115.25634799999986
59,59.0,787.6923829999997,1295.5126950000003,117.6923829999996,223.3334960000002,50.512695000000356,61.66650399999981,72.56396500000028,90.76904300000022,61.2822270000006,60.38476599999922,165.89746099999957,222.94873000000007,2543.974121,116.15380900000036
60,60.0,788.0771479999994,1410.3847659999994,118.46142599999985,223.46142599999985,57.17968800000017,64.61523400000078,75.64111300000059,93.33349600000021,61.2822270000006,63.5898440000001,175.76904300000027,225.3847659999992,2565.384765999999,111.15380900000036
61,61.0,802.6923829999997,1517.5639650000005,121.79492200000004,224.10253900000043,63.205077999999965,67.43603499999972,77.94873000000007,94.61523400000078,60.641113000000594,65.12841800000024,184.87158199999973,230.3847659999992,2592.436035,107.43603499999972
62,62.0,816.1538090000003,1604.2309569999998,123.97412100000021,223.58984400000008,63.5898440000001,67.94873000000007,76.92285200000059,92.43603499999972,58.0771479999994,60.89746099999957,188.7177729999994,231.9228520000006,2624.358887000001,108.71777299999941
63,63.0,815.6411130000006,1669.3588869999994,122.17968800000016,221.53857400000012,58.7177729999994,66.0258789999998,72.56396500000028,86.92285200000059,54.23095699999976,50.38476599999922,186.79492200000004,226.53857400000012,2651.282227,110.38476599999922
64,64.0,801.1538090000003,1725.2563480000001,117.05126999999992,219.23095699999973,53.3334960000002,63.0771479999994,67.82031300000017,80.89746099999957,51.2822270000006,38.0771479999994,183.3334960000002,216.9228520000006,2663.846191,108.97412100000021
65,65.0,782.6923829999997,1785.2563480000001,111.79492200000004,217.82031300000014,50.89746099999957,60.256347999999896,65.25634799999989,76.79492200000004,50.512695000000356,29.35888699999941,182.30761700000042,208.8461909999996,2660.1284180000007,108.07714799999941
66,66.0,771.1538090000003,1853.974121,109.10253900000043,216.53857400000012,51.15380900000037,57.30761700000039,64.48730499999965,74.87158199999976,51.41015599999992,26.666503999999804,183.3334960000002,206.2822270000006,2646.922852,110.51269500000036
67,67.0,770.2563479999999,1926.9228520000006,109.48730499999964,214.35888699999938,52.69238299999961,54.487304999999644,63.9741210000002,73.84619099999964,52.30761700000039,29.35888699999941,183.205078,208.3334960000002,2635.641113,112.56396500000028
68,68.0,776.7949219999999,1997.692383,112.6923829999996,212.82031300000014,54.87158199999976,53.0771479999994,63.0771479999994,72.94873000000007,52.30761700000039,34.87158199999976,180.64111300000062,211.9228520000006,2633.846191,111.02587899999979
69,69.0,784.3588869999994,2060.769043,117.43603499999972,214.10253900000043,57.17968800000017,53.7177729999994,62.05126999999993,72.56396500000028,51.794922000000035,40.25634799999989,178.20507799999996,214.87158199999973,2640.512695000001,109.35888699999941
70,70.0,788.3334960000003,2111.666504,121.66650399999979,218.8461909999996,58.3334960000002,55.256347999999896,61.2822270000006,73.07714799999941,51.02587899999981,43.3334960000002,179.48730499999962,216.9228520000006,2647.05127,111.79492200000004
71,71.0,788.7177729999994,2148.205078,123.84619099999964,224.48730499999962,57.30761700000039,56.02587899999981,61.2822270000006,74.74365200000011,50.512695000000356,43.5898440000001,185.89746099999957,218.7177729999994,2646.410156,114.61523400000078
72,72.0,788.8461909999997,2172.692383,124.35888699999941,227.05126999999996,54.61523400000078,55.38476599999922,61.794922000000035,77.43603499999972,50.76904300000024,43.46142599999985,196.6665039999998,221.2822270000006,2640.512695000001,111.92285200000059
73,73.0,790.7690430000004,2192.05127,125.25634799999986,224.23095699999973,51.794922000000035,53.846190999999635,61.9228520000006,80.12841800000024,52.05126999999993,45.12841800000024,208.7177729999994,225.51269500000038,2636.282227,106.28222700000059
74,74.0,792.1796880000003,2213.0771479999994,127.17968800000016,216.53857400000012,50.38476599999922,52.17968800000017,60.512695000000356,81.6665039999998,53.3334960000002,48.3334960000002,217.05126999999996,230.0,2636.282227,104.87158199999978
75,75.0,789.8715819999996,2237.8203129999997,128.7177729999994,207.30761700000042,51.41015599999992,50.76904300000024,57.69238299999961,81.28222700000059,53.5898440000001,50.38476599999922,217.30761700000042,231.9228520000006,2634.487305,108.46142599999985
76,76.0,785.8974609999997,2261.922852000001,128.46142599999985,200.89746099999957,55.89746099999957,51.02587899999981,55.512695000000356,80.0,52.82031300000017,49.87158199999976,210.0,230.51269500000038,2623.4614260000008,110.89746099999957
77,77.0,788.0771479999994,2280.897461,128.0771479999994,200.0,62.82031300000017,52.82031300000017,56.02587899999981,79.48730499999965,52.43603499999973,48.0771479999994,201.9228520000006,228.8461909999996,2604.487305,110.38476599999922
78,78.0,798.8461909999997,2294.743652,130.0,204.10253900000043,68.58984400000007,55.256347999999896,58.846190999999635,80.89746099999957,53.0771479999994,47.17968800000017,201.2822270000006,231.15380900000042,2586.922852000001,110.51269500000036
79,79.0,808.2050780000001,2307.94873,133.84619099999964,209.10253900000043,69.87158199999976,56.66650399999981,61.9228520000006,83.20507799999996,54.87158199999976,49.10253900000043,210.12841800000027,237.56396500000028,2578.4614260000003,112.17968800000016
80,80.0,801.9228520000006,2322.436035,136.79492200000004,211.15380900000042,67.43603499999972,57.56396500000027,63.846190999999635,85.51269500000035,57.05126999999993,53.0771479999994,222.82031300000014,242.94873000000007,2576.153809000001,111.28222700000059
81,81.0,778.5898440000002,2334.615234000001,137.3076170000004,208.8461909999996,65.38476599999922,58.846190999999635,65.0,86.92285200000059,58.9741210000002,56.9228520000006,230.64111300000062,243.46142599999985,2567.436035,107.43603499999972
82,82.0,756.7949219999999,2338.974121,136.41015599999992,205.12841800000027,66.15380900000036,59.61523400000078,65.64111300000059,86.66650399999979,59.10253900000043,57.30761700000039,229.74365200000008,240.64111300000062,2541.666504,106.66650399999979
83,83.0,757.1796880000003,2335.0,136.53857400000015,203.58984400000008,69.10253900000043,58.3334960000002,65.89746099999957,84.74365200000011,56.41015599999992,53.3334960000002,222.94873000000007,239.35888699999938,2501.282227000001,111.28222700000059
84,84.0,781.7949219999999,2326.282227000001,137.94873000000007,205.3847659999992,70.89746099999957,55.0,65.76904300000024,82.05126999999993,51.2822270000006,47.56396500000027,216.9228520000006,242.30761700000042,2460.641113000001,115.89746099999957
85,85.0,809.7436520000001,2315.0,139.48730499999965,208.0771479999994,69.74365200000011,51.794922000000035,65.0,80.25634799999989,45.89746099999957,43.846190999999635,215.25634799999992,247.17968800000014,2433.0771479999994,115.38476599999922
86,86.0,814.4873049999997,2299.487305,139.10253900000043,207.69238299999958,65.64111300000059,50.12841800000024,63.46142599999985,79.87158199999976,42.30761700000039,42.69238299999961,215.89746099999957,248.3334960000002,2417.3076170000004,113.84619099999964
87,87.0,784.8715819999996,2280.256348,135.0,202.05126999999996,60.12841800000024,49.61523400000078,60.512695000000356,79.48730499999965,40.641113000000594,41.153809000000365,213.46142599999985,240.64111300000062,2398.846191,115.38476599999922
88,88.0,733.5898440000002,2264.487305,127.17968800000016,193.9741210000002,55.89746099999957,49.23095699999976,57.05126999999993,77.56396500000028,39.487304999999644,35.769043000000245,204.35888699999938,224.74365200000008,2365.256348,117.3076170000004
89,89.0,687.0512699999998,2260.384765999999,118.71777299999941,189.10253900000043,54.743652000000104,48.5898440000001,54.23095699999976,74.35888699999941,37.69238299999961,26.666503999999804,191.41015599999992,206.2822270000006,2317.94873,114.48730499999964
90,90.0,666.9228520000006,2266.666504,114.23095699999978,190.76904300000027,56.15380900000037,47.82031300000017,53.0771479999994,70.64111300000059,35.12841800000024,17.820313000000173,181.15380900000042,193.9741210000002,2272.692383,109.61523400000078
91,91.0,678.8461909999996,2273.0771479999994,116.28222700000059,196.79492200000004,57.82031300000017,47.05126999999993,53.0771479999994,67.69238299999961,32.05126999999993,13.717772999999394,179.61523400000075,193.205078,2247.5639650000007,109.10253900000043
92,92.0,711.0258789999997,2268.974121,124.10253900000043,201.9228520000006,58.7177729999994,47.17968800000017,53.7177729999994,66.2822270000006,29.615234000000786,17.56396500000028,188.7177729999994,203.58984400000008,2248.4614260000003,111.79492200000004
93,93.0,743.0771479999994,2253.4614260000003,133.58984400000008,202.69238299999958,60.76904300000024,49.87158199999976,55.0,66.79492200000004,28.9741210000002,28.0771479999994,203.58984400000008,218.7177729999994,2262.3076170000004,111.79492200000004
94,94.0,756.0258789999997,2233.0771479999994,139.61523400000078,198.58984400000008,64.74365200000011,54.358886999999406,56.41015599999992,68.3334960000002,30.0,39.10253900000043,214.35888699999938,229.6152340000008,2263.846191,108.20507799999996
95,95.0,741.5385740000003,2214.3588869999994,138.9741210000002,191.6665039999998,68.3334960000002,56.9228520000006,56.53857400000015,69.23095699999976,31.282227000000606,42.69238299999961,212.17968800000014,229.23095699999973,2233.589844,107.05126999999992
96,96.0,707.1796880000003,2200.256348,132.05126999999993,184.74365200000008,67.43603499999972,54.61523400000078,55.0,68.20507799999996,30.769043000000238,36.538574000000146,198.0771479999994,217.56396500000028,2174.230957,109.23095699999978
97,97.0,670.8974609999996,2190.0,123.58984400000007,180.76904300000027,62.43603499999973,49.61523400000078,53.3334960000002,66.53857400000015,29.230956999999762,26.538574000000157,183.3334960000002,202.30761700000042,2108.846191,110.0
98,98.0,649.8715819999998,2180.897461,120.0,181.2822270000006,58.3334960000002,47.56396500000027,54.743652000000104,67.43603499999972,28.9741210000002,21.922852000000606,179.35888699999938,193.8461909999996,2061.025879,107.43603499999972
99,99.0,650.1284180000002,2167.8203129999997,124.10253900000043,185.3847659999992,60.89746099999957,51.66650399999981,60.641113000000594,72.82031300000017,31.922852000000606,26.666503999999804,186.6665039999998,196.6665039999998,2034.230957,106.15380900000036
100,100.0,664.6152340000008,2146.153809000001,132.94873000000007,189.74365200000008,70.51269500000035,60.0,68.7177729999994,80.64111300000059,37.05126999999993,37.30761700000039,195.89746099999957,206.15380900000042,2012.179688,108.46142599999985
101,101.0,680.6411130000006,2117.1796879999997,140.12841800000024,191.53857400000012,81.6665039999998,68.46142599999985,74.61523400000078,86.41015599999993,41.66650399999981,48.46142599999985,199.6152340000008,215.0,1977.179688,110.0
102,102.0,687.4360349999997,2087.5639650000007,141.9228520000006,191.15380900000042,88.46142599999985,73.58984400000007,75.38476599999922,88.07714799999941,44.358886999999406,57.17968800000017,201.15380900000042,219.10253900000043,1927.436035,108.33349600000021
103,103.0,679.8715819999998,2062.3076170000004,139.87158199999976,190.12841800000027,87.69238299999962,73.46142599999985,72.56396500000028,87.30761700000038,45.89746099999957,62.82031300000017,208.58984400000008,220.0,1873.846191,107.6923829999996
104,104.0,659.7436520000001,2039.1025390000007,137.82031300000014,188.58984400000008,81.53857400000015,68.0771479999994,69.87158199999976,87.05126999999995,47.30761700000039,62.69238299999961,221.79492200000004,220.12841800000027,1825.2563480000001,111.53857400000015
105,105.0,634.8715819999998,2010.5126950000006,138.0771479999994,184.87158199999973,75.38476599999922,61.2822270000006,70.64111300000059,87.82031300000017,48.205077999999965,54.10253900000043,229.48730499999962,219.48730499999962,1778.3334960000002,115.25634799999986
106,106.0,615.1284180000002,1972.3076170000006,140.76904300000024,177.69238299999958,75.12841800000024,60.0,75.89746099999957,87.56396500000028,47.69238299999961,39.230956999999755,220.64111300000062,217.17968800000014,1723.0771479999994,113.97412100000021
107,107.0,606.0258789999998,1928.0771479999994,144.87158199999976,169.61523400000078,84.61523400000078,70.51269500000035,84.74365200000011,85.64111300000059,46.9228520000006,29.230956999999762,197.17968800000014,214.6152340000008,1656.2822270000006,110.76904300000022
108,108.0,605.2563479999999,1886.666504,149.74365200000008,165.51269500000038,103.71777299999941,92.82031300000016,97.3076170000004,85.64111300000059,49.10253900000043,38.205077999999965,174.74365200000008,215.89746099999957,1585.8974609999993,110.89746099999957
109,109.0,604.4873049999998,1853.333496,155.38476599999922,167.3076170000004,126.92285200000059,118.84619099999964,112.94873000000008,92.82031300000016,56.9228520000006,69.87158199999976,170.51269500000038,224.10253900000043,1519.8715819999998,113.07714799999941
110,110.0,595.0,1820.3847659999994,160.12841800000024,170.25634799999992,142.17968800000014,135.12841800000024,127.05126999999992,106.15380900000036,67.82031300000017,108.20507799999996,187.94873000000007,236.6665039999998,1452.1796880000004,112.43603499999972
111,111.0,571.7949219999999,1769.3588869999994,160.51269500000038,166.41015599999992,137.05126999999993,130.25634799999992,130.6411130000006,117.3076170000004,74.10253900000043,124.87158199999978,213.46142599999985,244.87158199999973,1362.3076170000004,109.61523400000078
112,112.0,536.4101559999998,1685.2563480000001,153.46142599999985,152.6923829999996,108.71777299999941,104.61523400000078,117.94873000000008,116.41015599999993,69.87158199999976,102.82031300000016,227.30761700000042,240.0,1232.8203130000004,110.0
113,113.0,498.205078,1571.2822270000006,141.41015599999992,135.12841800000024,70.89746099999957,73.84619099999964,94.10253900000043,102.43603499999972,57.82031300000017,54.87158199999976,220.25634799999992,222.05126999999996,1067.1796880000004,112.6923829999996
114,114.0,470.38476599999916,1449.6152340000006,132.05126999999993,124.61523400000078,46.41015599999992,60.0,74.87158199999976,85.89746099999957,48.3334960000002,17.17968800000017,201.79492200000004,201.9228520000006,890.0,112.6923829999996
115,115.0,460.38476599999916,1343.5898439999999,132.82031300000014,126.28222700000059,50.12841800000024,73.58984400000007,73.58984400000007,80.51269500000035,50.89746099999957,20.769043000000238,190.3847659999992,193.205078,729.3588869999994,110.0
116,116.0,463.4614259999999,1260.1284180000002,143.8461909999996,134.48730499999965,76.53857400000015,104.74365200000014,89.48730499999965,90.64111300000059,65.51269500000035,64.87158199999976,196.15380900000042,200.0,596.1538090000004,109.74365200000014
117,117.0,465.5126950000004,1187.05127,156.0258789999998,137.3076170000004,104.48730499999964,129.3588869999994,108.20507799999996,107.6923829999996,82.56396500000028,116.53857400000015,212.56396500000028,212.94873000000007,480.1284180000001,112.82031300000016
118,118.0,453.7177729999994,1106.9228520000006,159.10253900000043,126.41015599999993,113.84619099999964,129.3588869999994,113.20507799999996,117.17968800000016,91.41015599999993,137.05126999999993,222.69238299999958,217.30761700000042,363.58984400000014,113.46142599999985
119,119.0,427.82031300000017,1014.743652,149.74365200000008,104.10253900000043,100.38476599999922,105.0,98.97412100000021,111.02587899999979,88.07714799999941,111.41015599999993,215.76904300000027,206.41015599999992,238.205078,110.0
120,120.0,399.74365200000017,923.205078,134.48730499999965,80.64111300000059,76.28222700000059,73.20507799999996,74.10253900000043,93.58984400000007,78.07714799999941,59.743652000000104,196.53857400000012,186.2822270000006,112.94873000000008,107.43603499999972
121,121.0,385.6411130000006,852.9487300000002,123.58984400000007,66.53857400000015,60.76904300000024,53.846190999999635,55.0,77.94873000000007,71.6665039999998,19.871581999999762,181.0258789999998,170.12841800000024,7.692382999999609,109.23095699999978
122,122.0,394.87158199999976,816.6665039999997,123.97412100000021,65.76904300000024,65.89746099999957,56.53857400000015,54.23095699999976,75.76904300000024,76.6665039999998,19.230956999999762,181.53857400000012,167.6923829999996,-62.17944299999999,111.66650399999979
123,123.0,422.3076170000004,806.9228520000006,134.87158199999976,73.46142599999985,88.33349600000021,75.12841800000024,71.79492200000004,88.46142599999985,92.17968800000016,55.89746099999957,195.0,176.9228520000006,-98.076904,110.38476599999922
124,124.0,451.794922,800.3847659999992,147.82031300000014,79.10253900000043,111.92285200000059,94.61523400000078,95.51269500000036,105.76904300000022,108.97412100000021,101.79492200000004,205.51269500000038,186.0258789999998,-118.20507799999996,108.84619099999964
125,125.0,471.02587899999986,776.7949219999999,153.58984400000008,74.74365200000011,122.3076170000004,104.23095699999978,111.66650399999979,115.38476599999922,118.07714799999941,127.43603499999972,201.6665039999998,183.8461909999996,-141.923096,110.76904300000022
126,126.0,482.6923829999996,736.1538090000003,149.74365200000008,61.53857400000015,120.25634799999986,105.38476599999922,115.64111300000059,114.23095699999978,119.23095699999978,125.64111300000059,189.23095699999973,171.0258789999998,-171.66674799999961,112.82031300000016
127,127.0,501.2822270000006,695.8974609999997,141.9228520000006,47.69238299999961,118.07714799999941,107.17968800000016,113.97412100000021,110.0,120.38476599999922,113.46142599999985,184.74365200000008,158.7177729999994,-193.3332520000004,110.51269500000036
128,128.0,534.8715819999999,671.9228520000006,137.3076170000004,40.0,125.38476599999922,113.58984400000007,115.12841800000022,111.41015599999993,127.94873000000008,112.43603499999972,196.79492200000004,156.0258789999998,-195.0,106.79492200000004
129,129.0,576.4101559999998,661.7949219999999,136.41015599999992,37.69238299999961,138.84619099999964,119.61523400000078,119.87158199999978,118.33349600000021,139.61523400000078,127.3076170000004,215.51269500000038,159.87158199999976,-180.6411130000001,107.82031300000016
130,130.0,612.0512699999998,650.1284180000002,134.61523400000078,35.89746099999957,147.43603499999972,118.07714799999941,122.6923829999996,123.07714799999941,147.6923829999996,145.6411130000006,224.35888699999938,159.48730499999962,-165.25634799999992,112.43603499999972
131,131.0,637.1796880000003,625.2563479999999,129.61523400000078,33.0771479999994,146.41015599999992,109.74365200000014,120.12841800000022,120.64111300000059,147.9487300000001,153.7177729999994,217.17968800000014,149.87158199999976,-159.74365200000008,114.23095699999978
132,132.0,658.0771479999994,588.4614259999997,124.87158199999978,31.410155999999915,141.1538090000004,102.82031300000016,116.02587899999979,114.74365200000014,144.10253900000043,150.6411130000006,202.69238299999958,136.53857400000015,-162.94872999999959,111.92285200000059
133,133.0,681.1538090000004,548.4614259999998,124.35888699999941,32.82031300000017,138.58984400000008,104.10253900000043,116.66650399999979,112.17968800000016,142.3076170000004,144.87158199999976,193.46142599999985,127.94873000000008,-169.4870609999998,110.89746099999957
134,134.0,705.8974609999997,511.66650399999986,127.17968800000016,35.641113000000594,139.10253900000043,112.17968800000016,122.56396500000028,115.64111300000059,144.87158199999976,144.61523400000078,194.87158199999973,125.76904300000022,-176.66674799999961,112.3076170000004
135,135.0,727.6923829999997,477.17968800000017,128.20507799999996,37.43603499999972,139.10253900000043,119.23095699999978,128.58984400000008,122.17968800000016,149.74365200000008,152.56396500000028,202.94873000000007,125.12841800000022,-185.0,111.79492200000004
136,136.0,744.7436520000001,441.66650399999986,124.74365200000014,37.94873000000007,137.3076170000004,119.87158199999978,130.38476599999922,127.6923829999996,153.8461909999996,165.89746099999957,209.23095699999973,121.15380900000036,-195.12817400000043,108.33349600000021
137,137.0,758.3334960000003,402.4360349999997,118.84619099999964,38.9741210000002,135.51269500000035,113.97412100000021,128.0771479999994,129.61523400000078,155.12841800000024,179.61523400000075,207.82031300000014,113.33349600000021,-206.281982,107.56396500000028
138,138.0,770.5126950000003,361.02587899999986,114.48730499999964,40.641113000000594,136.0258789999998,106.79492200000004,125.0,127.82031300000016,152.9487300000001,188.205078,198.9741210000002,104.48730499999964,-217.05127000000041,112.17968800000016
139,139.0,781.1538090000003,321.15380900000036,114.10253900000043,41.538574000000146,139.23095699999976,103.97412100000021,124.61523400000078,123.84619099999964,148.9741210000002,190.12841800000027,189.48730499999962,98.20507799999996,-224.87182599999957,116.53857400000015
140,140.0,788.9741210000003,286.5385740000001,117.56396500000028,40.641113000000594,143.46142599999985,107.94873000000008,127.43603499999972,120.38476599999922,146.0258789999998,187.69238299999958,186.0258789999998,96.41015599999993,-227.05127000000041,115.89746099999957
141,141.0,791.4101559999998,256.5385740000001,122.43603499999972,38.461425999999854,146.2822270000006,115.76904300000022,131.9228520000006,119.48730499999964,145.89746099999957,185.51269500000038,189.48730499999962,97.6923829999996,-223.58984399999963,113.46142599999985
142,142.0,786.0258789999997,226.9228520000006,125.0,35.641113000000594,145.12841800000024,121.66650399999979,135.6411130000006,120.76904300000022,147.82031300000014,186.6665039999998,193.7177729999994,97.82031300000016,-218.97436500000003,113.71777299999941
143,143.0,773.4614259999997,194.23095699999973,123.07714799999941,32.56396500000028,140.6411130000006,122.43603499999972,136.53857400000015,122.82031300000016,149.48730499999962,192.30761700000042,192.56396500000028,93.97412100000021,-219.102539,114.35888699999941
144,144.0,757.5639650000003,160.0,117.82031300000016,30.128418000000238,136.53857400000015,119.61523400000078,135.12841800000024,124.74365200000014,150.25634799999992,202.30761700000042,185.51269500000038,86.92285200000059,-226.15380900000042,111.41015599999993
145,145.0,742.9487300000002,128.3334960000002,113.46142599999985,30.128418000000238,137.05126999999993,116.92285200000059,132.94873000000007,126.92285200000059,151.41015599999992,214.74365200000008,178.0771479999994,80.89746099999957,-237.17944300000002,107.94873000000008
146,146.0,731.1538090000003,101.92285200000059,112.94873000000008,33.205077999999965,142.82031300000014,115.89746099999957,132.3076170000004,129.87158199999976,153.58984400000008,226.41015599999992,175.25634799999992,78.84619099999964,-246.923096,109.74365200000014
147,147.0,721.4101559999998,80.64111300000059,116.02587899999979,38.0771479999994,150.25634799999992,115.64111300000059,134.23095699999976,132.94873000000007,156.2822270000006,233.9741210000002,178.46142599999985,80.38476599999922,-251.79492200000004,114.35888699999941
148,148.0,711.9228520000006,61.53857400000015,119.87158199999978,41.794922000000035,154.3588869999994,114.87158199999978,138.0771479999994,134.87158199999976,158.20507799999996,235.89746099999957,184.6152340000008,83.20507799999996,-252.05127000000041,115.38476599999922
149,149.0,700.7690430000004,40.38476599999922,122.17968800000016,41.9228520000006,152.17968800000014,113.33349600000021,141.9228520000006,134.61523400000078,158.3334960000002,232.69238299999958,188.58984400000008,84.74365200000011,-251.79492200000004,112.56396500000028
150,150.0,686.6665039999998,14.615234000000784,121.92285200000059,39.487304999999644,144.10253900000043,111.66650399999979,143.0771479999994,131.79492200000004,156.1538090000004,226.0258789999998,186.0258789999998,83.46142599999985,-256.5385740000001,111.79492200000004
151,151.0,669.7436520000001,-15.0,119.48730499999964,37.43603499999972,134.23095699999976,110.51269500000036,140.6411130000006,127.3076170000004,151.41015599999992,218.205078,176.53857400000015,79.61523400000078,-268.58984399999963,114.35888699999941
152,152.0,652.9487300000002,-42.82055700000001,116.41015599999993,38.461425999999854,128.46142599999985,110.76904300000022,136.6665039999998,123.20507799999996,145.76904300000024,212.4360349999997,164.23095699999976,74.87158199999976,-284.61547900000005,114.74365200000014
153,153.0,639.1025390000004,-63.46142599999985,114.35888699999941,41.66650399999981,130.76904300000024,113.20507799999996,134.61523400000078,121.79492200000004,141.2822270000006,210.64111300000062,154.74365200000008,71.28222700000059,-298.7180180000001,111.53857400000015
154,154.0,628.3334960000002,-77.05127000000039,113.71777299999941,44.743652000000104,139.3588869999994,117.17968800000016,136.15380900000036,123.84619099999964,139.3588869999994,211.9228520000006,150.76904300000024,69.61523400000078,-308.4614259999998,109.87158199999978
155,155.0,618.5898440000002,-89.10253899999998,113.20507799999996,46.02587899999981,149.10253900000043,121.41015599999993,140.76904300000024,127.82031300000016,139.87158199999976,213.46142599999985,151.2822270000006,68.84619099999964,-315.89746099999996,112.43603499999972
156,156.0,608.3334960000002,-104.74365200000014,112.43603499999972,46.794922000000035,155.12841800000024,125.25634799999986,146.1538090000004,131.53857400000015,142.17968800000014,214.35888699999938,154.48730499999962,68.20507799999996,-324.8718259999996,115.0
157,157.0,597.4360349999997,-125.0,112.05126999999992,48.7177729999994,156.53857400000015,128.3334960000002,150.12841800000024,133.58984400000008,145.38476599999922,215.0,159.10253900000043,67.56396500000028,-336.5385740000001,113.97412100000021
158,158.0,585.3847659999992,-147.56420900000055,112.94873000000008,51.41015599999992,154.23095699999976,129.61523400000078,151.41015599999992,133.84619099999964,147.56396500000028,215.64111300000062,163.46142599999985,67.17968800000017,-351.025635,112.43603499999972
159,159.0,570.7690430000002,-170.25634799999992,113.84619099999964,52.43603499999973,150.51269500000038,127.6923829999996,150.12841800000024,132.56396500000028,147.3076170000004,215.12841800000027,164.61523400000078,66.41015599999993,-367.43579099999937,113.84619099999964
160,160.0,553.4614259999998,-190.38452099999995,112.56396500000028,50.256347999999896,147.43603499999972,123.07714799999941,147.6923829999996,130.76904300000024,145.12841800000024,213.0771479999994,161.0258789999998,64.35888699999941,-384.2307130000004,115.38476599999922
161,161.0,535.8974609999996,-206.281982,108.84619099999964,46.2822270000006,146.2822270000006,118.84619099999964,146.1538090000004,130.0,142.6923829999996,210.0,153.8461909999996,60.89746099999957,-398.974365,113.58984400000007
162,162.0,520.8974609999996,-218.3332520000004,105.12841800000022,43.7177729999994,146.2822270000006,117.05126999999992,146.1538090000004,130.0,141.6665039999998,206.53857400000012,145.12841800000024,57.82031300000017,-409.61547900000005,111.53857400000015
163,163.0,509.1025390000004,-230.12817400000043,103.71777299999941,44.743652000000104,145.38476599999922,117.56396500000028,146.79492200000004,129.87158199999976,142.17968800000014,202.4360349999997,136.9228520000006,55.76904300000024,-415.7692869999996,113.71777299999941
164,164.0,499.61523400000084,-244.87182599999957,104.61523400000078,48.9741210000002,143.3334960000002,118.97412100000021,147.43603499999972,128.84619099999964,143.3334960000002,198.3334960000002,130.25634799999992,55.256347999999896,-418.205078,116.92285200000059
165,165.0,491.53857400000015,-261.923096,106.66650399999979,54.10253900000043,142.3076170000004,121.15380900000036,148.58984400000008,128.3334960000002,145.0,196.6665039999998,128.20507799999996,56.66650399999981,-418.076904,115.0
166,166.0,483.0771479999994,-277.820557,108.97412100000021,57.94873000000007,144.74365200000008,124.48730499999964,151.2822270000006,129.48730499999965,146.41015599999992,199.23095699999973,132.94873000000007,60.0,-418.205078,109.48730499999964
167,167.0,472.4360349999997,-290.64111300000013,110.51269500000036,59.10253900000043,149.3588869999994,128.3334960000002,154.48730499999962,131.9228520000006,146.79492200000004,203.8461909999996,141.79492200000004,63.9741210000002,-422.179443,107.6923829999996
168,168.0,458.4614259999999,-301.15380900000036,110.25634799999986,57.94873000000007,153.7177729999994,131.2822270000006,156.2822270000006,133.9741210000002,145.38476599999922,205.89746099999957,148.0771479999994,65.51269500000035,-432.43579099999937,111.02587899999979
169,169.0,441.9228520000006,-312.56420900000063,107.82031300000016,56.41015599999992,155.6411130000006,132.05126999999993,155.38476599999922,134.10253900000043,142.17968800000014,202.82031300000014,146.0258789999998,62.43603499999973,-447.43579099999937,113.33349600000021
170,170.0,425.25634799999983,-328.076904,104.10253900000043,55.89746099999957,154.74365200000008,130.0,152.43603499999972,132.05126999999993,138.3334960000002,195.64111300000062,136.0258789999998,56.02587899999981,-463.076904,112.05126999999992
171,171.0,410.25634799999983,-348.7180180000001,100.76904300000022,56.41015599999992,151.53857400000015,125.89746099999957,149.23095699999976,129.10253900000043,135.25634799999992,188.0771479999994,123.97412100000021,49.61523400000078,-475.51293900000013,111.41015599999993
172,172.0,398.0771479999994,-370.1281740000004,98.71777299999941,56.53857400000015,147.82031300000014,122.3076170000004,147.56396500000028,127.17968800000016,134.10253900000043,183.46142599999985,116.66650399999979,46.15380900000037,-482.56420900000063,113.33349600000021
173,173.0,388.4614259999999,-385.6411130000001,97.94873000000008,55.512695000000356,146.1538090000004,123.20507799999996,148.3334960000002,127.17968800000016,134.87158199999976,182.69238299999958,116.41015599999993,46.15380900000037,-483.8461909999997,114.61523400000078
174,174.0,379.87158199999976,-391.794922,98.07714799999941,54.61523400000078,147.3076170000004,128.84619099999964,151.0258789999998,129.10253900000043,136.41015599999992,182.82031300000014,120.25634799999986,48.46142599999985,-481.794922,113.58984400000007
175,175.0,368.97412100000014,-393.33325200000036,98.20507799999996,55.0,148.46142599999985,134.61523400000078,153.46142599999985,130.38476599999922,136.41015599999992,178.8461909999996,121.53857400000015,50.12841800000024,-481.794922,114.23095699999978
176,176.0,353.7177729999994,-397.9487299999996,97.43603499999972,56.53857400000015,146.0258789999998,134.61523400000078,153.0771479999994,128.7177729999994,133.3334960000002,168.58984400000008,115.64111300000059,48.5898440000001,-487.820557,117.94873000000008
177,177.0,336.15380900000036,-409.48706099999987,95.25634799999986,57.94873000000007,140.51269500000035,128.46142599999985,150.12841800000024,124.10253900000043,128.3334960000002,155.76904300000024,103.97412100000021,43.5898440000001,-497.9487299999996,119.10253900000043
178,178.0,321.5385740000001,-423.974365,93.20507799999996,59.10253900000043,137.3076170000004,121.92285200000059,147.6923829999996,120.12841800000022,124.87158199999978,147.6923829999996,93.33349600000021,38.205077999999965,-505.6411130000001,114.23095699999978
179,179.0,313.4614259999998,-435.25634799999983,93.46142599999985,61.02587899999981,141.2822270000006,121.41015599999993,148.20507799999996,120.51269500000036,125.64111300000059,148.20507799999996,89.74365200000011,36.66650399999981,-505.6411130000001,108.84619099999964
180,180.0,310.6411130000006,-439.8718259999996,97.05126999999992,64.61523400000078,152.0512699999999,127.94873000000008,151.6665039999998,125.64111300000059,129.74365200000008,154.87158199999976,94.23095699999978,40.512695000000356,-498.8461909999997,110.0
181,181.0,308.7177729999994,-439.74365200000017,102.43603499999972,68.9741210000002,163.8461909999996,136.6665039999998,155.25634799999992,131.79492200000004,134.48730499999965,161.79492200000004,102.82031300000016,47.30761700000039,-491.53857400000015,115.12841800000022
182,182.0,302.5639650000003,-440.6411130000001,106.53857400000015,72.05126999999993,168.7177729999994,140.51269500000035,155.89746099999957,134.48730499999965,136.79492200000004,164.61523400000078,110.12841800000022,52.69238299999961,-490.0,117.56396500000028
183,183.0,289.2309569999997,-448.205078,106.66650399999979,71.53857400000015,162.17968800000014,135.0,152.82031300000014,132.43603499999972,135.12841800000024,162.6923829999996,112.3076170000004,53.846190999999635,-497.0512700000004,116.28222700000059
184,184.0,270.25634799999995,-463.974365,102.17968800000016,67.43603499999972,146.79492200000004,121.79492200000004,147.3076170000004,127.3076170000004,130.25634799999992,157.43603499999972,108.84619099999964,50.38476599999922,-510.25634799999983,115.89746099999957
185,185.0,252.05126999999996,-482.9487299999996,95.76904300000022,62.82031300000017,132.05126999999993,108.84619099999964,142.6923829999996,123.46142599999985,124.87158199999978,152.6923829999996,102.3076170000004,45.38476599999922,-523.076904,116.41015599999993
186,186.0,241.2822270000006,-497.0512700000004,91.92285200000059,62.05126999999993,126.92285200000059,104.61523400000078,141.9228520000006,123.71777299999941,122.3076170000004,151.6665039999998,95.89746099999957,43.0771479999994,-528.7180179999999,114.23095699999978
187,187.0,239.10253900000043,-502.179443,93.46142599999985,65.89746099999957,133.20507799999996,110.89746099999957,144.61523400000078,127.3076170000004,123.07714799999941,154.87158199999976,90.12841800000022,45.512695000000356,-526.7949219999999,110.25634799999986
188,188.0,239.74365200000008,-502.3076170000004,98.46142599999985,71.92285200000059,143.58984400000008,121.02587899999979,147.6923829999996,130.25634799999992,124.74365200000014,158.46142599999985,83.3334960000002,50.256347999999896,-523.3332520000004,110.0
189,189.0,235.51269500000038,-503.076904,102.6923829999996,76.79492200000004,149.74365200000008,126.79492200000004,147.6923829999996,129.10253900000043,124.35888699999941,157.9487300000001,76.0258789999998,53.3334960000002,-524.615479,113.58984400000007
190,190.0,225.25634799999992,-506.53857400000015,103.20507799999996,78.9741210000002,148.8461909999996,125.64111300000059,144.74365200000008,124.10253900000043,121.79492200000004,153.7177729999994,71.41015599999993,52.69238299999961,-530.7692869999996,115.0
191,191.0,213.3334960000002,-509.48706099999987,101.53857400000015,78.71777299999941,144.10253900000043,121.41015599999993,141.9228520000006,119.35888699999941,119.61523400000078,149.87158199999976,72.43603499999972,50.641113000000594,-535.897461,111.79492200000004
192,192.0,204.6152340000008,-509.61547900000005,100.64111300000059,76.28222700000059,139.61523400000078,118.97412100000021,141.6665039999998,118.58984400000007,119.87158199999978,149.48730499999962,77.43603499999972,50.38476599999922,-536.025635,109.74365200000014
193,193.0,199.74365200000008,-508.974365,101.79492200000004,72.56396500000028,136.9228520000006,119.35888699999941,143.8461909999996,121.92285200000059,122.43603499999972,151.53857400000015,82.05126999999993,53.205077999999965,-532.5642090000006,111.92285200000059
194,194.0,196.53857400000012,-511.025635,103.71777299999941,69.35888699999941,136.2822270000006,121.66650399999979,146.1538090000004,126.53857400000015,126.15380900000036,153.0771479999994,84.23095699999976,58.0771479999994,-530.2563479999999,113.97412100000021
195,195.0,192.94873000000007,-516.4101560000004,104.61523400000078,68.58984400000007,137.94873000000007,124.23095699999978,147.3076170000004,129.3588869999994,129.10253900000043,152.56396500000028,85.25634799999989,62.94873000000007,-531.923096,111.66650399999979
196,196.0,187.56396500000028,-522.9487299999996,103.33349600000021,70.0,141.1538090000004,125.89746099999957,146.53857400000015,129.23095699999976,130.12841800000024,149.61523400000078,87.05126999999995,65.38476599999922,-537.820557,108.84619099999964
197,197.0,179.48730499999962,-528.076904,99.74365200000014,71.15380900000036,143.58984400000008,125.76904300000022,144.87158199999976,126.79492200000004,128.0771479999994,143.58984400000008,89.23095699999978,64.48730499999965,-545.2563479999999,110.25634799999986
198,198.0,170.12841800000024,-530.5129390000002,95.38476599999922,71.0258789999998,144.23095699999976,124.35888699999941,143.7177729999994,124.35888699999941,124.74365200000014,135.51269500000035,90.51269500000036,61.41015599999992,-551.025635,113.20507799999996
199,199.0,162.82031300000014,-530.0,92.94873000000008,70.64111300000059,143.9741210000002,123.58984400000007,144.23095699999976,124.48730499999964,122.56396500000028,128.46142599999985,89.74365200000011,59.487304999999644,-553.3332520000004,113.07714799999941
200,200.0,158.58984400000008,-527.9487299999996,94.23095699999978,71.6665039999998,144.10253900000043,124.74365200000014,145.76904300000024,127.3076170000004,123.20507799999996,126.15380900000036,86.41015599999993,60.12841800000024,-553.4614259999998,111.28222700000059
201,201.0,154.48730499999962,-527.4357909999994,97.82031300000016,74.10253900000043,144.23095699999976,126.66650399999979,146.53857400000015,129.87158199999976,125.38476599999922,129.23095699999976,80.25634799999989,61.794922000000035,-555.2563479999999,112.94873000000008
202,202.0,147.56396500000028,-529.7436520000001,100.89746099999957,77.05126999999993,143.7177729999994,128.0771479999994,145.51269500000038,130.12841800000024,127.3076170000004,136.15380900000036,72.69238299999961,61.53857400000015,-559.3588869999999,116.66650399999979
203,203.0,139.61523400000078,-533.076904,102.17968800000016,80.89746099999957,144.23095699999976,129.74365200000008,144.48730499999962,128.84619099999964,128.20507799999996,145.25634799999992,68.0771479999994,59.87158199999976,-561.7949219999999,116.53857400000015
204,204.0,135.6411130000006,-534.3588869999999,103.46142599999985,86.41015599999993,147.82031300000014,133.58984400000008,146.0258789999998,128.84619099999964,129.61523400000078,155.38476599999922,70.51269500000035,60.89746099999957,-558.5898439999996,112.6923829999996
205,205.0,137.43603499999972,-533.4614259999998,106.79492200000004,92.3076170000004,153.3334960000002,138.58984400000008,150.38476599999922,131.79492200000004,132.17968800000014,164.23095699999976,79.48730499999965,67.30761700000039,-550.5129390000002,111.15380900000036
206,206.0,141.1538090000004,-533.2050780000001,111.15380900000036,94.35888699999941,156.1538090000004,141.41015599999992,155.0,135.89746099999957,134.61523400000078,168.3334960000002,89.23095699999978,76.6665039999998,-544.102539,113.20507799999996
207,207.0,140.38476599999922,-535.0,113.07714799999941,90.12841800000022,153.3334960000002,139.10253900000043,155.89746099999957,138.3334960000002,135.0,165.25634799999992,93.07714799999941,82.69238299999961,-544.615479,113.58984400000007
208,208.0,131.9228520000006,-538.2050780000001,111.02587899999979,81.92285200000059,146.1538090000004,132.17968800000014,151.6665039999998,137.3076170000004,132.94873000000007,156.2822270000006,88.33349600000021,81.6665039999998,-552.5642090000006,110.12841800000022
209,209.0,117.82031300000016,-541.2819820000001,106.41015599999993,74.61523400000078,138.9741210000002,124.10253900000043,144.23095699999976,133.7177729999994,129.48730499999965,145.51269500000038,78.3334960000002,75.12841800000024,-564.3588869999999,107.6923829999996
210,210.0,104.10253900000043,-543.2050780000001,102.43603499999972,71.53857400000015,135.38476599999922,119.23095699999978,138.20507799999996,130.12841800000024,126.41015599999993,138.0771479999994,70.0,68.58984400000007,-574.2307130000004,108.97412100000021
211,211.0,96.79492200000004,-542.820557,101.66650399999979,72.94873000000007,137.6923829999996,120.76904300000022,137.43603499999972,129.10253900000043,125.0,138.0771479999994,69.61523400000078,67.94873000000007,-578.076904,110.38476599999922
212,212.0,97.6923829999996,-539.7436520000001,104.87158199999978,77.30761700000039,145.12841800000024,128.0771479999994,142.56396500000028,131.9228520000006,125.76904300000022,146.0258789999998,78.3334960000002,74.87158199999976,-575.2563479999999,109.10253900000043
213,213.0,101.92285200000059,-536.1538090000004,109.87158199999978,82.17968800000017,153.8461909999996,136.15380900000036,149.61523400000078,136.6665039999998,127.05126999999992,156.1538090000004,90.12841800000022,85.12841800000024,-570.0,108.84619099999964
214,214.0,101.53857400000015,-535.897461,112.94873000000008,85.0,158.0771479999994,138.58984400000008,152.6923829999996,139.23095699999976,126.28222700000059,160.6411130000006,95.0,91.02587899999979,-568.5898439999996,112.56396500000028
215,215.0,92.56396500000028,-540.1281740000004,111.92285200000059,85.0,155.12841800000024,133.20507799999996,149.10253900000043,136.9228520000006,122.43603499999972,155.51269500000038,86.92285200000059,88.84619099999964,-573.3332520000004,115.51269500000036
216,216.0,79.61523400000078,-545.7692869999996,108.58984400000007,83.9741210000002,148.3334960000002,124.61523400000078,141.9228520000006,131.79492200000004,117.43603499999972,144.74365200000008,70.64111300000059,81.92285200000059,-579.4870609999998,112.6923829999996
217,217.0,70.76904300000024,-548.3332520000004,107.56396500000028,84.61523400000078,143.46142599999985,119.61523400000078,136.6665039999998,128.3334960000002,115.12841800000022,136.6665039999998,58.9741210000002,77.94873000000007,-581.6667479999996,107.6923829999996
218,218.0,69.74365200000011,-546.4101560000004,110.64111300000059,86.92285200000059,143.7177729999994,121.02587899999979,136.41015599999992,129.10253900000043,116.92285200000059,135.76904300000024,61.02587899999981,80.89746099999957,-578.974365,107.6923829999996
219,219.0,72.69238299999961,-543.974365,114.87158199999978,88.71777299999941,146.2822270000006,126.02587899999979,139.48730499999965,132.17968800000014,121.15380900000036,139.48730499999965,74.10253900000043,87.56396500000028,-576.6667479999996,111.53857400000015
220,220.0,71.92285200000059,-546.6667479999996,115.89746099999957,88.07714799999941,145.25634799999992,128.7177729999994,141.53857400000015,133.20507799999996,123.97412100000021,141.2822270000006,85.76904300000024,90.51269500000036,-580.2563479999999,113.33349600000021
221,221.0,62.43603499999973,-557.3076170000004,112.05126999999992,86.02587899999979,136.79492200000004,125.38476599999922,139.48730499999965,130.0,122.94873000000008,136.9228520000006,85.25634799999989,85.76904300000024,-590.6411130000001,112.05126999999992
222,222.0,46.66650399999981,-572.9487299999996,105.76904300000022,84.74365200000011,123.58984400000007,117.3076170000004,134.23095699999976,123.71777299999941,118.33349600000021,127.6923829999996,72.43603499999972,76.15380900000036,-603.3332520000004,112.3076170000004
223,223.0,32.43603499999972,-585.0,101.15380900000036,85.51269500000035,113.71777299999941,110.64111300000059,129.61523400000078,118.71777299999941,113.07714799999941,118.84619099999964,58.0771479999994,68.9741210000002,-610.897461,114.35888699999941
224,224.0,27.56396500000028,-585.0,101.66650399999979,87.56396500000028,115.12841800000022,111.41015599999993,129.87158199999976,118.84619099999964,110.76904300000022,116.15380900000036,54.487304999999644,70.38476599999922,-608.2050780000001,113.97412100000021
225,225.0,32.30761700000039,-571.6667479999996,107.05126999999992,88.84619099999964,128.3334960000002,120.12841800000022,135.0,124.48730499999964,112.6923829999996,120.38476599999922,64.87158199999976,79.87158199999976,-596.6667479999996,111.02587899999979
226,226.0,39.230956999999755,-553.4614259999998,113.84619099999964,87.43603499999972,145.51269500000038,131.2822270000006,141.41015599999992,131.9228520000006,117.05126999999992,126.92285200000059,79.87158199999976,91.15380900000036,-583.7180179999999,110.64111300000059
227,227.0,39.74365200000011,-541.6667479999996,116.66650399999979,84.23095699999976,156.6665039999998,137.82031300000014,144.3588869999994,135.89746099999957,120.38476599999922,130.6411130000006,87.05126999999995,96.41015599999993,-577.4357909999994,114.10253900000043
228,228.0,31.922852000000606,-541.6667479999996,113.84619099999964,82.05126999999993,158.20507799999996,137.6923829999996,143.20507799999996,134.61523400000078,121.66650399999979,131.2822270000006,81.15380900000036,93.46142599999985,-579.2307130000004,115.38476599999922
229,229.0,21.79492200000004,-549.3588869999999,108.58984400000007,83.71777299999941,153.58984400000008,134.3588869999994,141.1538090000004,130.89746099999957,122.17968800000016,132.82031300000014,68.0771479999994,86.79492200000004,-583.974365,112.3076170000004
230,230.0,16.153809000000365,-556.025635,106.41015599999993,89.87158199999978,148.46142599999985,132.3076170000004,141.6665039999998,128.7177729999994,123.58984400000007,137.94873000000007,58.9741210000002,83.46142599999985,-585.7692869999996,110.38476599999922
231,231.0,16.922852000000606,-555.7692869999996,109.10253900000043,97.05126999999992,146.0258789999998,133.46142599999985,145.38476599999922,130.0,126.15380900000036,144.10253900000043,60.89746099999957,86.41015599999993,-582.5642090000006,113.46142599999985
232,232.0,20.25634799999989,-548.7180179999999,114.10253900000043,100.89746099999957,146.6665039999998,136.0258789999998,149.74365200000008,133.0771479999994,128.58984400000008,146.41015599999992,71.92285200000059,92.82031300000016,-576.4101560000004,116.53857400000015
233,233.0,21.666503999999804,-539.8718259999996,117.56396500000028,99.61523400000078,148.46142599999985,137.56396500000028,152.17968800000014,135.25634799999992,129.87158199999976,143.58984400000008,83.58984400000007,97.43603499999972,-570.897461,114.23095699999978
234,234.0,18.461425999999847,-535.0,117.94873000000008,95.38476599999922,149.48730499999962,136.2822270000006,151.53857400000015,135.0,129.48730499999965,139.48730499999965,87.82031300000017,97.43603499999972,-568.076904,109.48730499999964
235,235.0,12.436034999999722,-536.923096,116.02587899999979,92.17968800000016,148.46142599999985,132.43603499999972,149.10253900000043,132.82031300000014,127.94873000000008,138.84619099999964,82.69238299999961,93.46142599999985,-567.4357909999994,108.46142599999985
236,236.0,7.692382999999609,-542.4357909999994,113.71777299999941,92.43603499999972,146.6665039999998,129.10253900000043,147.17968800000014,130.76904300000024,126.79492200000004,143.8461909999996,74.87158199999976,89.23095699999978,-566.7949219999999,110.51269500000036
237,237.0,7.43603499999972,-546.1538090000004,112.43603499999972,95.64111300000059,146.53857400000015,129.10253900000043,147.56396500000028,131.0258789999998,127.6923829999996,151.1538090000004,73.07714799999941,88.71777299999941,-564.102539,110.89746099999957
238,238.0,9.487304999999651,-545.1281740000004,112.6923829999996,98.33349600000021,148.3334960000002,132.17968800000014,149.74365200000008,133.58984400000008,130.25634799999992,154.87158199999976,79.35888699999941,92.17968800000016,-560.384521,109.87158199999978
239,239.0,7.692382999999609,-542.0512700000004,112.94873000000008,97.05126999999992,149.10253900000043,133.9741210000002,150.6411130000006,135.6411130000006,132.3076170000004,150.89746099999957,87.30761700000038,95.64111300000059,-558.974365,111.02587899999979
240,240.0,-2.0512699999999318,-541.025635,111.02587899999979,91.15380900000036,145.6411130000006,130.89746099999957,148.20507799999996,134.74365200000008,131.15380900000036,140.89746099999957,87.69238299999962,94.35888699999941,-561.6667479999996,113.33349600000021
241,241.0,-17.051270000000383,-543.2050780000001,107.05126999999992,83.84619099999964,138.84619099999964,124.48730499999964,143.7177729999994,131.6665039999998,127.17968800000016,131.6665039999998,78.58984400000007,87.82031300000017,-566.5385740000003,112.05126999999992
242,242.0,-29.8718259999996,-546.5385740000002,103.58984400000007,78.9741210000002,132.82031300000014,119.48730499999964,140.0,129.10253900000043,122.56396500000028,128.3334960000002,66.0258789999998,80.76904300000024,-569.3588869999999,107.6923829999996
243,243.0,-35.51293900000019,-548.8461909999996,103.46142599999985,78.58984400000007,130.6411130000006,119.35888699999941,138.7177729999994,129.3588869999994,119.61523400000078,130.76904300000024,57.56396500000027,78.3334960000002,-568.3332520000004,106.28222700000059
244,244.0,-34.35888699999987,-548.8461909999996,105.76904300000022,81.6665039999998,132.05126999999993,123.20507799999996,138.9741210000002,131.53857400000015,118.97412100000021,133.9741210000002,55.641113000000594,81.28222700000059,-565.384521,109.48730499999964
245,245.0,-31.025634999999966,-546.7949219999999,107.43603499999972,85.64111300000059,134.61523400000078,127.56396500000028,138.58984400000008,133.3334960000002,120.25634799999986,133.3334960000002,58.0771479999994,85.12841800000024,-564.102539,111.92285200000059
246,246.0,-30.64111300000013,-543.974365,106.15380900000036,87.94873000000005,135.12841800000024,128.46142599999985,136.2822270000006,132.6923829999996,122.43603499999972,128.0771479999994,61.2822270000006,85.12841800000024,-566.4101560000004,110.64111300000059
247,247.0,-35.76928699999962,-542.9487299999996,102.17968800000016,87.56396500000028,132.05126999999993,124.35888699999941,132.82031300000014,130.0,124.10253900000043,121.15380900000036,63.46142599999985,79.61523400000078,-571.2819820000001,109.87158199999978
248,248.0,-43.846190999999635,-544.7436520000001,98.58984400000007,85.89746099999957,126.53857400000015,117.43603499999972,130.25634799999992,127.17968800000016,125.0,116.92285200000059,65.0,72.82031300000017,-574.7436520000001,112.3076170000004
249,249.0,-49.35888699999987,-546.2819820000001,97.82031300000016,85.89746099999957,122.43603499999972,112.6923829999996,131.0258789999998,127.05126999999992,125.51269500000036,119.23095699999978,67.82031300000017,70.51269500000035,-572.3076170000004,113.58984400000007
250,250.0,-48.97436500000003,-543.2050780000001,100.76904300000022,88.84619099999964,122.94873000000008,114.35888699999941,135.89746099999957,130.38476599999922,126.92285200000059,126.79492200000004,72.82031300000017,75.89746099999957,-562.820557,110.38476599999922
251,251.0,-44.48706099999981,-534.615479,105.64111300000059,92.43603499999972,126.92285200000059,121.15380900000036,142.43603499999972,135.38476599999922,129.3588869999994,134.3588869999994,77.43603499999972,85.51269500000035,-551.2819820000001,107.17968800000016
252,252.0,-41.41015600000037,-526.025635,108.58984400000007,93.84619099999964,130.6411130000006,127.94873000000008,146.79492200000004,138.46142599999985,131.41015599999992,136.15380900000036,76.79492200000004,91.92285200000059,-544.7436520000001,108.84619099999964
253,253.0,-42.94872999999962,-522.6923829999996,107.56396500000028,93.46142599999985,131.15380900000036,130.38476599999922,146.6665039999998,137.94873000000007,131.6665039999998,131.53857400000015,68.9741210000002,90.38476599999922,-545.7692869999996,112.94873000000008
254,254.0,-47.69238299999961,-525.5129390000002,104.10253900000043,94.23095699999978,129.87158199999976,128.7177729999994,143.0771479999994,135.0,130.38476599999922,125.25634799999986,57.56396500000027,83.3334960000002,-550.2563479999999,113.33349600000021
255,255.0,-52.435790999999426,-530.5129390000002,101.66650399999979,97.17968800000016,128.84619099999964,125.89746099999957,139.3588869999994,132.56396500000028,129.23095699999976,122.3076170000004,50.512695000000356,77.30761700000039,-552.6923829999996,111.41015599999993
256,256.0,-55.76928699999962,-532.820557,102.56396500000028,100.0,129.48730499999965,123.71777299999941,138.0771479999994,131.9228520000006,129.3588869999994,122.94873000000008,53.205077999999965,77.56396500000028,-550.897461,112.05126999999992
257,257.0,-57.17944299999999,-529.4870609999998,105.51269500000036,99.87158199999978,131.79492200000004,122.94873000000008,140.25634799999992,132.94873000000007,130.38476599999922,124.74365200000014,64.74365200000011,84.10253900000043,-546.5385740000002,114.74365200000014
258,258.0,-56.923095999999994,-520.7692869999996,108.71777299999941,96.41015599999993,135.25634799999992,124.48730499999964,145.0,134.3588869999994,130.76904300000024,125.25634799999986,78.07714799999941,92.17968800000016,-541.7949219999999,115.0
259,259.0,-55.51293900000019,-510.897461,110.51269500000036,91.79492200000004,138.0771479999994,127.94873000000008,150.12841800000024,135.76904300000024,129.61523400000078,123.97412100000021,84.23095699999976,96.28222700000059,-538.076904,112.6923829999996
260,260.0,-55.51293900000019,-505.51293900000013,110.25634799999986,88.71777299999941,136.9228520000006,130.25634799999992,151.9228520000006,136.53857400000015,126.66650399999979,121.15380900000036,78.71777299999941,93.58984400000007,-536.6667479999996,112.6923829999996
261,261.0,-58.846190999999635,-507.43579099999937,107.82031300000016,87.82031300000017,130.6411130000006,128.3334960000002,148.58984400000008,136.53857400000015,123.20507799999996,118.20507799999996,65.12841800000024,86.02587899999979,-537.9487299999996,114.87158199999978
262,262.0,-64.48706099999981,-513.5898439999996,104.23095699999978,89.10253900000043,121.41015599999993,122.43603499999972,141.79492200000004,136.15380900000036,121.53857400000015,117.94873000000008,53.846190999999635,78.84619099999964,-540.1281740000004,114.23095699999978
263,263.0,-70.1281740000004,-518.4614259999998,101.92285200000059,91.79492200000004,114.35888699999941,116.15380900000036,135.51269500000035,135.76904300000024,123.07714799999941,122.17968800000016,52.82031300000017,77.05126999999993,-540.384521,109.74365200000014
264,264.0,-74.23071300000038,-519.2307130000004,101.92285200000059,93.46142599999985,112.56396500000028,113.07714799999941,133.3334960000002,135.25634799999992,126.79492200000004,128.7177729999994,61.02587899999981,80.51269500000035,-537.9487299999996,107.56396500000028
265,265.0,-76.92309599999999,-516.923096,103.33349600000021,92.05126999999992,114.74365200000014,113.97412100000021,135.0,134.23095699999976,129.61523400000078,132.05126999999993,70.12841800000024,84.74365200000011,-535.0,110.0
266,266.0,-78.20507799999996,-513.076904,104.23095699999978,87.69238299999962,118.07714799999941,117.3076170000004,137.94873000000007,132.3076170000004,129.48730499999965,128.84619099999964,73.20507799999996,85.64111300000059,-532.6923829999996,111.53857400000015
267,267.0,-78.07690400000001,-508.58984399999963,103.97412100000021,83.58984400000007,120.25634799999986,120.38476599999922,138.84619099999964,130.25634799999992,127.05126999999992,121.02587899999979,70.12841800000024,82.94873000000007,-531.2819820000001,108.84619099999964
268,268.0,-77.82055700000002,-505.1281740000004,102.43603499999972,82.94873000000007,120.25634799999986,120.76904300000022,136.0258789999998,128.46142599999985,124.10253900000043,112.6923829999996,64.74365200000011,79.48730499999965,-531.1538090000004,106.28222700000059
269,269.0,-80.0,-504.8718259999996,100.0,86.53857400000015,118.20507799999996,117.17968800000016,129.87158199999976,126.92285200000059,121.92285200000059,107.6923829999996,61.02587899999981,77.05126999999993,-533.7180179999999,108.71777299999941
270,270.0,-84.61547900000005,-507.6923829999996,97.17968800000016,92.17968800000016,115.12841800000022,111.66650399999979,123.84619099999964,125.25634799999986,121.02587899999979,107.3076170000004,60.38476599999922,76.15380900000036,-537.9487299999996,112.56396500000028
271,271.0,-89.10253899999998,-510.51293900000013,95.64111300000059,97.17968800000016,113.20507799999996,108.84619099999964,121.41015599999993,124.23095699999978,121.28222700000059,110.38476599999922,61.794922000000035,76.6665039999998,-540.1281740000004,112.6923829999996
272,272.0,-90.89746100000002,-509.74365200000017,96.92285200000059,100.0,113.84619099999964,110.89746099999957,123.58984400000007,124.10253900000043,121.66650399999979,114.10253900000043,61.794922000000035,77.82031300000017,-536.7949219999999,111.02587899999979
273,273.0,-90.64111300000013,-504.102539,100.0,100.25634799999986,116.28222700000059,115.89746099999957,127.82031300000016,124.23095699999978,120.64111300000059,114.87158199999978,57.43603499999973,77.82031300000017,-529.2307130000004,112.05126999999992
274,274.0,-90.1281740000004,-494.48706099999987,102.3076170000004,98.33349600000021,119.74365200000014,120.38476599999922,131.15380900000036,123.71777299999941,118.71777299999941,111.92285200000059,50.89746099999957,75.76904300000024,-521.2819820000001,114.23095699999978
275,275.0,-89.8718259999996,-483.205078,102.6923829999996,95.51269500000036,123.97412100000021,122.6923829999996,132.56396500000028,122.6923829999996,117.43603499999972,108.20507799999996,48.7177729999994,73.71777299999941,-515.5129390000002,112.56396500000028
276,276.0,-89.35888699999987,-474.102539,102.17968800000016,93.07714799999941,128.0771479999994,123.84619099999964,132.94873000000007,122.17968800000016,118.20507799999996,106.66650399999979,54.61523400000078,74.61523400000078,-512.3076170000004,109.10253900000043
277,277.0,-89.74365200000011,-471.53857400000015,101.92285200000059,91.79492200000004,128.9741210000002,123.71777299999941,132.6923829999996,122.05126999999992,120.0,106.41015599999993,64.35888699999941,78.3334960000002,-512.179443,109.23095699999978
278,278.0,-93.076904,-476.281982,100.89746099999957,91.53857400000015,124.35888699999941,121.92285200000059,131.15380900000036,121.53857400000015,121.02587899999979,104.35888699999941,69.48730499999965,80.89746099999957,-515.2563479999999,112.6923829999996
279,279.0,-98.58984399999964,-483.718018,98.07714799999941,91.79492200000004,116.28222700000059,118.97412100000021,128.9741210000002,120.12841800000022,120.64111300000059,100.0,66.15380900000036,79.35888699999941,-520.2563479999999,112.94873000000008
280,280.0,-103.20507799999996,-486.6667479999997,94.48730499999964,92.94873000000008,110.38476599999922,116.92285200000059,127.56396500000028,118.71777299999941,119.35888699999941,96.53857400000015,58.5898440000001,75.38476599999922,-523.8461909999996,109.10253900000043
281,281.0,-104.23071300000038,-481.794922,92.6923829999996,94.74365200000014,110.76904300000022,117.17968800000016,127.82031300000016,118.46142599999985,118.46142599999985,97.43603499999972,53.9741210000002,73.20507799999996,-522.6923829999996,107.3076170000004
282,282.0,-101.66674799999964,-471.281982,93.71777299999941,96.28222700000059,116.66650399999979,119.61523400000078,129.61523400000078,119.74365200000014,118.07714799999941,103.33349600000021,54.743652000000104,75.0,-515.7692869999996,110.38476599999922
283,283.0,-98.33325200000036,-460.7692869999996,96.15380900000036,95.64111300000059,123.97412100000021,122.3076170000004,131.6665039999998,122.17968800000016,118.46142599999985,111.28222700000059,58.846190999999635,79.35888699999941,-504.74365200000017,113.46142599999985
284,284.0,-97.0512700000004,-454.8718259999996,97.94873000000008,92.6923829999996,127.82031300000016,123.46142599999985,132.43603499999972,124.35888699999941,119.35888699999941,116.92285200000059,62.56396500000027,83.07714799999941,-494.102539,112.82031300000016
285,285.0,-100.0,-456.025635,97.56396500000028,88.84619099999964,125.76904300000022,121.53857400000015,130.76904300000024,124.74365200000014,120.0,116.92285200000059,62.69238299999961,83.07714799999941,-489.2307130000004,112.3076170000004
286,286.0,-107.0512700000004,-462.820557,94.61523400000078,87.17968800000017,118.58984400000007,116.92285200000059,127.3076170000004,122.43603499999972,119.10253900000043,110.64111300000059,57.82031300000017,78.20507799999996,-492.0512700000004,114.74365200000014
287,287.0,-114.61547900000004,-470.384521,90.89746099999957,90.0,111.15380900000036,112.43603499999972,123.97412100000021,118.71777299999941,116.66650399999979,102.43603499999972,50.256347999999896,70.76904300000024,-498.33325200000036,116.15380900000036
288,288.0,-117.820557,-471.794922,89.10253900000043,96.41015599999993,108.58984400000007,111.92285200000059,123.58984400000007,117.43603499999972,114.87158199999978,98.46142599999985,45.38476599999922,65.38476599999922,-501.41015600000037,112.56396500000028
289,289.0,-115.38452099999996,-463.718018,91.15380900000036,101.92285200000059,112.3076170000004,116.28222700000059,126.79492200000004,120.76904300000022,115.51269500000036,101.66650399999979,47.56396500000027,65.76904300000024,-496.923096,108.20507799999996
290,290.0,-110.0,-449.61547900000005,95.38476599999922,102.43603499999972,119.35888699999941,122.43603499999972,131.53857400000015,127.17968800000016,118.20507799999996,109.87158199999978,55.89746099999957,71.6665039999998,-486.794922,108.71777299999941
291,291.0,-105.1281740000004,-437.3076170000004,98.97412100000021,98.58984400000007,125.76904300000022,126.66650399999979,135.12841800000024,132.17968800000014,121.53857400000015,117.56396500000028,66.0258789999998,79.74365200000011,-475.6411130000001,112.3076170000004
292,292.0,-101.53857400000015,-432.3076170000004,100.51269500000036,95.76904300000022,130.25634799999992,127.43603499999972,136.0258789999998,133.0771479999994,123.97412100000021,120.76904300000022,72.82031300000017,86.02587899999979,-467.3076170000004,113.07714799999941
293,293.0,-98.58984399999964,-434.48706099999987,101.28222700000059,98.33349600000021,132.43603499999972,125.25634799999986,135.0,129.48730499999965,124.74365200000014,118.71777299999941,74.48730499999965,89.48730499999965,-463.076904,110.89746099999957
294,294.0,-96.28198199999996,-439.3588869999999,102.56396500000028,105.64111300000059,131.9228520000006,122.05126999999992,133.3334960000002,124.23095699999978,123.97412100000021,113.07714799999941,72.05126999999993,90.38476599999922,-462.43579099999937,111.02587899999979
295,295.0,-96.02563499999997,-441.281982,103.58984400000007,111.53857400000015,128.84619099999964,119.35888699999941,131.6665039999998,120.12841800000022,122.05126999999992,107.43603499999972,69.10253900000043,90.12841800000022,-463.076904,113.58984400000007
296,296.0,-98.33325200000036,-437.179443,103.07714799999941,110.64111300000059,125.12841800000022,118.46142599999985,130.38476599999922,119.10253900000043,120.51269500000036,105.89746099999957,68.3334960000002,89.35888699999941,-462.56420900000063,113.33349600000021
297,297.0,-102.820557,-428.8461909999997,100.51269500000036,102.3076170000004,122.43603499999972,119.10253900000043,129.48730499999965,121.02587899999979,120.12841800000022,110.12841800000022,69.74365200000011,88.33349600000021,-460.0,109.61523400000078
298,298.0,-108.33325200000036,-422.0512700000004,96.79492200000004,91.41015599999993,119.74365200000014,118.97412100000021,128.7177729999994,123.33349600000021,120.89746099999957,117.43603499999972,70.25634799999989,86.28222700000059,-457.43579099999937,107.43603499999972
299,299.0,-113.076904,-421.025635,93.71777299999941,83.84619099999964,115.12841800000022,116.53857400000015,128.0771479999994,123.33349600000021,121.02587899999979,121.92285200000059,67.56396500000028,83.07714799999941,-457.179443,108.46142599999985
300,300.0,-114.8718259999996,-424.61547900000005,92.43603499999972,83.07714799999941,109.10253900000043,113.07714799999941,127.94873000000008,120.38476599999922,120.0,120.38476599999922,62.56396500000027,79.87158199999976,-458.205078,108.46142599999985
301,301.0,-113.076904,-427.179443,93.71777299999941,88.58984400000007,105.0,111.15380900000036,128.46142599999985,117.3076170000004,118.33349600000021,115.0,58.9741210000002,78.71777299999941,-456.923096,106.28222700000059
302,302.0,-109.23071300000038,-424.3588869999999,96.66650399999979,95.89746099999957,105.89746099999957,112.17968800000016,129.10253900000043,116.66650399999979,117.6923829999996,110.51269500000036,58.9741210000002,81.0258789999998,-451.15380900000036,106.28222700000059
303,303.0,-106.28198199999996,-416.41015600000037,99.10253900000043,100.38476599999922,112.6923829999996,115.76904300000022,129.87158199999976,119.35888699999941,119.23095699999978,110.51269500000036,61.794922000000035,86.02587899999979,-441.794922,110.64111300000059
304,304.0,-104.74365200000014,-406.281982,99.74365200000014,101.28222700000059,122.6923829999996,120.25634799999986,130.89746099999957,123.84619099999964,122.56396500000028,115.76904300000022,66.6665039999998,92.05126999999992,-431.41015600000037,113.58984400000007
305,305.0,-103.46142599999985,-397.0512700000004,99.10253900000043,101.15380900000036,131.53857400000015,124.10253900000043,132.82031300000014,128.3334960000002,126.66650399999979,123.46142599999985,72.94873000000007,97.05126999999992,-422.9487299999996,111.15380900000036
306,306.0,-102.43579099999944,-392.3076170000004,98.71777299999941,102.6923829999996,134.3588869999994,125.25634799999986,134.23095699999976,130.12841800000024,128.9741210000002,128.7177729999994,79.35888699999941,98.84619099999964,-419.3588869999999,107.82031300000016
307,307.0,-103.71801800000004,-393.58984399999963,98.84619099999964,105.12841800000022,129.10253900000043,122.05126999999992,132.82031300000014,127.94873000000008,127.56396500000028,127.05126999999992,82.94873000000007,96.02587899999979,-422.0512700000004,108.71777299999941
308,308.0,-107.9487299999996,-398.974365,98.84619099999964,106.15380900000036,119.23095699999978,116.15380900000036,127.56396500000028,122.05126999999992,122.43603499999972,118.07714799999941,81.92285200000059,90.0,-428.205078,111.66650399999979
309,309.0,-113.076904,-402.6923829999996,98.71777299999941,103.84619099999964,111.79492200000004,111.53857400000015,120.89746099999957,115.25634799999986,116.28222700000059,106.41015599999993,76.41015599999993,84.61523400000078,-431.53857400000015,110.76904300000022
310,310.0,-115.89746100000002,-400.51293900000013,99.35888699999941,98.84619099999964,111.02587899999979,111.15380900000036,117.05126999999992,111.15380900000036,112.17968800000016,98.58984400000007,68.9741210000002,83.46142599999985,-428.33325200000036,107.6923829999996
311,311.0,-116.28198199999996,-392.9487299999996,100.64111300000059,93.07714799999941,115.25634799999986,113.46142599999985,117.56396500000028,111.15380900000036,111.28222700000059,97.05126999999992,62.94873000000007,86.66650399999979,-421.281982,107.82031300000016
312,312.0,-116.02563499999997,-385.25634799999983,100.89746099999957,88.84619099999964,118.71777299999941,115.12841800000022,120.89746099999957,113.58984400000007,112.94873000000008,99.61523400000078,60.76904300000024,90.51269500000036,-417.179443,110.89746099999957
313,313.0,-116.28198199999996,-382.0512700000004,98.84619099999964,87.94873000000005,117.43603499999972,114.10253900000043,123.84619099999964,115.64111300000059,115.51269500000036,102.56396500000028,62.56396500000027,91.02587899999979,-419.74365200000017,111.66650399999979
314,314.0,-117.43579099999944,-384.74365200000017,95.51269500000036,90.38476599999922,112.56396500000028,111.15380900000036,124.23095699999978,115.64111300000059,117.43603499999972,103.33349600000021,65.64111300000059,87.43603499999972,-426.794922,110.0
315,315.0,-118.71801800000004,-390.7692869999996,92.94873000000008,94.74365200000014,107.94873000000008,108.33349600000021,122.05126999999992,114.23095699999978,117.82031300000016,101.53857400000015,66.41015599999993,82.17968800000017,-432.0512700000004,110.38476599999922
316,316.0,-119.35888699999987,-394.2307130000004,92.56396500000028,98.46142599999985,107.43603499999972,107.94873000000008,119.48730499999964,112.94873000000008,116.66650399999979,98.84619099999964,63.846190999999635,78.84619099999964,-430.25634799999983,113.07714799999941
317,317.0,-117.6923829999996,-390.25634799999983,94.23095699999978,100.76904300000022,112.56396500000028,111.28222700000059,119.35888699999941,113.71777299999941,115.64111300000059,97.56396500000028,60.38476599999922,79.87158199999976,-420.25634799999983,112.94873000000008
318,318.0,-113.84619099999964,-378.4614259999999,97.3076170000004,101.28222700000059,120.64111300000059,117.43603499999972,122.6923829999996,116.28222700000059,116.02587899999979,99.35888699999941,60.12841800000024,85.12841800000024,-406.53857400000015,109.10253900000043
