,EEG.AF3,EEG.F7,EEG.F3,EEG.FC5,EEG.T7,EEG.P7,EEG.O1,EEG.O2,EEG.P8,EEG.T8,EEG.FC6,EEG.F4,EEG.F8,EEG.AF4
0,108.7177729999994,120.12841800000024,97.94873000000007,70.0,126.0258789999998,112.69238299999961,124.61523400000078,111.79492200000004,107.43603499999972,103.58984400000008,125.0,115.0,127.17968800000017,161.15380900000036
1,107.56396500000028,125.38476599999922,97.56396500000028,70.89746099999957,121.0258789999998,112.82031300000017,124.10253900000043,111.41015599999992,111.15380900000036,100.51269500000035,124.87158199999976,115.12841800000024,127.43603499999972,160.2563479999999
2,108.9741210000002,129.61523400000078,97.69238299999961,72.17968800000017,116.53857400000015,113.9741210000002,125.12841800000024,111.9228520000006,114.61523400000078,101.2822270000006,126.41015599999992,115.12841800000024,127.94873000000007,160.12841800000024
3,112.43603499999972,130.89746099999957,97.94873000000007,74.48730499999965,116.9228520000006,116.0258789999998,127.94873000000007,114.23095699999976,116.53857400000015,105.76904300000024,129.7436520000001,115.25634799999989,129.3588869999994,161.6665039999998
4,115.76904300000024,128.9741210000002,98.46142599999985,77.43603499999972,122.43603499999972,117.94873000000007,131.2822270000006,118.0771479999994,117.82031300000017,112.43603499999972,133.58984400000008,115.64111300000059,131.53857400000015,163.7177729999994
5,116.79492200000004,124.61523400000078,98.7177729999994,80.51269500000035,128.84619099999964,118.9741210000002,133.20507799999996,122.17968800000017,119.74365200000011,118.20507799999996,135.12841800000024,115.76904300000024,133.3334960000002,163.58984400000008
6,115.12841800000024,120.38476599999922,98.58984400000008,82.94873000000007,132.56396500000028,118.58984400000008,132.94873000000007,125.64111300000059,123.0771479999994,120.64111300000059,133.58984400000008,116.15380900000036,133.20507799999996,159.87158199999976
7,111.79492200000004,119.10253900000043,97.82031300000017,84.23095699999976,133.58984400000008,117.05126999999993,131.79492200000004,128.0771479999994,127.94873000000007,120.12841800000024,130.38476599999922,116.6665039999998,131.0258789999998,154.3588869999994
8,108.84619099999964,121.2822270000006,96.0258789999998,84.48730499999965,134.10253900000043,115.25634799999989,130.89746099999957,129.61523400000078,132.94873000000007,118.3334960000002,129.23095699999976,117.17968800000017,127.82031300000017,150.12841800000024
9,107.69238299999961,125.12841800000024,93.58984400000008,84.23095699999976,135.2563479999999,114.48730499999965,131.15380900000036,130.51269500000035,136.41015599999992,115.89746099999957,131.2822270000006,116.9228520000006,125.0,148.84619099999964
10,107.69238299999961,127.43603499999972,91.2822270000006,84.48730499999965,134.7436520000001,115.12841800000024,132.3076170000004,130.38476599999922,137.6923829999996,111.0258789999998,134.3588869999994,114.87158199999976,122.69238299999961,149.7436520000001
11,107.69238299999961,126.6665039999998,89.61523400000078,85.64111300000059,131.2822270000006,116.53857400000015,133.7177729999994,129.23095699999976,136.53857400000015,101.2822270000006,134.7436520000001,111.0258789999998,120.51269500000035,150.38476599999922
12,106.41015599999992,122.94873000000007,88.84619099999964,87.43603499999972,126.79492200000004,117.82031300000017,134.3588869999994,126.9228520000006,133.20507799999996,87.05126999999993,131.0258789999998,106.53857400000015,117.82031300000017,148.0771479999994
13,103.0771479999994,117.43603499999972,88.46142599999985,88.7177729999994,125.12841800000024,118.46142599999985,133.84619099999964,123.3334960000002,128.58984400000008,71.15380900000036,125.25634799999989,103.3334960000002,114.48730499999965,142.17968800000017
14,97.43603499999972,110.38476599999922,86.6665039999998,88.3334960000002,126.53857400000015,118.7177729999994,131.15380900000036,118.58984400000008,123.46142599999985,57.30761700000039,120.12841800000024,102.30761700000039,110.76904300000024,134.23095699999976
15,89.87158199999976,101.53857400000015,82.43603499999972,85.64111300000059,126.2822270000006,118.7177729999994,126.41015599999992,112.05126999999993,117.05126999999993,46.025878999999804,116.79492200000004,102.30761700000039,106.0258789999998,126.15380900000036
16,81.53857400000015,91.2822270000006,75.89746099999957,80.89746099999957,117.56396500000028,117.94873000000007,120.25634799999989,103.7177729999994,108.58984400000008,35.25634799999989,113.84619099999964,100.64111300000059,99.35888699999941,118.3334960000002
17,74.87158199999976,82.05126999999993,69.10253900000043,75.89746099999957,100.51269500000035,115.89746099999957,114.35888699999941,95.12841800000024,97.94873000000007,23.589844000000085,110.51269500000035,96.2822270000006,91.79492200000004,111.41015599999992
18,73.9741210000002,77.43603499999972,65.64111300000059,73.84619099999964,86.0258789999998,113.58984400000008,111.0258789999998,89.23095699999976,88.7177729999994,14.871581999999762,108.7177729999994,91.2822270000006,88.3334960000002,107.43603499999972
19,81.41015599999992,80.38476599999922,67.82031300000017,77.94873000000007,88.7177729999994,113.3334960000002,112.17968800000017,89.35888699999941,85.76904300000024,15.769043000000238,113.0771479999994,90.25634799999989,94.10253900000043,109.87158199999976
20,93.9741210000002,89.87158199999976,74.61523400000078,88.84619099999964,111.6665039999998,116.6665039999998,117.30761700000039,95.25634799999989,90.25634799999989,29.358886999999413,125.12841800000024,94.48730499999965,107.94873000000007,118.58984400000008
21,102.69238299999961,98.84619099999964,80.38476599999922,101.41015599999992,138.58984400000008,122.17968800000017,121.53857400000015,101.0258789999998,96.9228520000006,49.61523400000078,139.3588869999994,99.87158199999976,119.35888699999941,126.9228520000006
22,99.35888699999941,97.94873000000007,79.10253900000043,108.20507799999996,144.3588869999994,126.53857400000015,119.61523400000078,99.23095699999976,97.56396500000028,66.0258789999998,146.9228520000006,100.0,116.9228520000006,126.0258789999998
23,84.23095699999976,83.20507799999996,71.0258789999998,105.38476599999922,116.6665039999998,126.79492200000004,111.53857400000015,88.3334960000002,89.35888699999941,74.48730499999965,145.12841800000024,92.94873000000007,99.74365200000011,113.46142599999985
24,68.84619099999964,61.53857400000015,63.20507799999996,98.58984400000008,71.2822270000006,123.20507799999996,105.0,77.17968800000017,78.20507799999996,81.2822270000006,141.41015599999992,84.61523400000078,80.89746099999957,98.0771479999994
25,66.79492200000004,47.05126999999993,64.10253900000043,98.3334960000002,44.35888699999941,118.58984400000008,108.7177729999994,77.43603499999972,74.48730499999965,97.94873000000007,146.9228520000006,83.58984400000008,76.53857400000015,92.69238299999961
26,81.9228520000006,50.76904300000024,75.51269500000035,111.9228520000006,63.7177729999994,116.15380900000036,123.3334960000002,93.84619099999964,84.48730499999965,130.12841800000024,164.87158199999976,93.0771479999994,91.9228520000006,104.10253900000043
27,105.51269500000035,70.76904300000024,90.64111300000059,134.87158199999976,122.69238299999961,116.9228520000006,140.51269500000035,118.0771479999994,104.61523400000078,170.89746099999957,188.20507799999996,107.30761700000039,116.2822270000006,126.0258789999998
28,122.05126999999993,91.41015599999992,100.12841800000024,153.7177729999994,177.6923829999996,119.48730499999965,150.38476599999922,135.2563479999999,122.69238299999961,203.3334960000002,205.76904300000024,117.17968800000017,129.87158199999976,144.10253900000043
29,121.6665039999998,93.58984400000008,99.87158199999976,156.6665039999998,180.2563479999999,120.76904300000024,150.89746099999957,136.41015599999992,126.53857400000015,213.3334960000002,210.6411130000006,117.05126999999993,119.61523400000078,146.15380900000036
30,106.9228520000006,71.41015599999992,92.43603499999972,144.10253900000043,125.0,118.84619099999964,146.41015599999992,124.61523400000078,113.46142599999985,205.76904300000024,203.84619099999964,109.48730499999965,91.0258789999998,132.56396500000028
31,90.12841800000024,41.666503999999804,84.23095699999976,127.69238299999961,64.61523400000078,115.51269500000035,141.15380900000036,111.53857400000015,94.87158199999976,205.89746099999957,192.94873000000007,101.2822270000006,66.6665039999998,114.87158199999976
32,83.3334960000002,31.410155999999915,79.48730499999965,121.53857400000015,66.41015599999992,114.35888699999941,133.9741210000002,106.79492200000004,87.17968800000017,236.41015599999992,187.82031300000017,97.56396500000028,67.69238299999961,106.79492200000004
33,88.20507799999996,51.79492200000004,77.82031300000017,131.79492200000004,143.84619099999964,116.6665039999998,122.56396500000028,110.38476599999922,96.2822270000006,289.6152340000008,193.3334960000002,98.20507799999996,92.82031300000017,111.79492200000004
34,94.48730499999965,84.87158199999976,75.0,151.0258789999998,235.12841800000024,119.61523400000078,107.94873000000007,113.20507799999996,109.35888699999941,327.94873000000007,203.9741210000002,98.20507799999996,116.79492200000004,119.87158199999976
35,90.25634799999989,98.20507799999996,67.69238299999961,164.61523400000078,256.6665039999998,118.9741210000002,96.15380900000036,106.15380900000036,107.17968800000017,315.76904300000024,208.20507799999996,92.94873000000007,113.9741210000002,117.17968800000017
36,74.87158199999976,75.51269500000035,58.974121000000196,164.23095699999976,179.48730499999965,113.3334960000002,95.12841800000024,91.15380900000036,85.0,254.10253900000043,201.79492200000004,84.61523400000078,83.20507799999996,101.6665039999998
37,62.30761700000039,33.0771479999994,57.30761700000039,155.38476599999922,55.897460999999566,105.89746099999957,109.61523400000078,82.05126999999993,60.0,182.82031300000017,195.0,81.9228520000006,50.64111300000059,87.05126999999993
38,67.56396500000028,5.512695000000349,68.84619099999964,152.3076170000004,-27.179442999999992,101.53857400000015,135.6411130000006,92.94873000000007,54.48730499999965,148.9741210000002,201.9228520000006,91.9228520000006,44.48730499999965,90.76904300000024
39,91.79492200000004,15.512695000000349,90.51269500000035,163.46142599999985,-20.25634799999989,102.56396500000028,160.12841800000024,122.30761700000039,73.46142599999985,168.84619099999964,224.87158199999976,112.05126999999993,70.64111300000059,116.2822270000006
40,120.25634799999989,57.17968800000017,111.41015599999992,183.84619099999964,54.74365200000011,106.41015599999992,170.0,153.20507799999996,100.25634799999989,217.82031300000017,249.3588869999994,131.2822270000006,109.23095699999976,148.7177729999994
41,136.79492200000004,103.84619099999964,122.30761700000039,200.12841800000024,132.6923829999996,108.7177729999994,163.46142599999985,166.53857400000015,114.48730499999965,254.23095699999976,257.17968800000017,139.61523400000078,135.12841800000024,169.3588869999994
42,138.20507799999996,133.0771479999994,122.82031300000017,203.3334960000002,164.23095699999976,106.9228520000006,151.79492200000004,158.20507799999996,111.79492200000004,255.12841800000024,243.20507799999996,136.15380900000036,140.0,171.79492200000004
43,134.48730499999965,142.6923829999996,120.38476599999922,196.2822270000006,151.79492200000004,102.30761700000039,148.9741210000002,140.38476599999922,106.41015599999992,230.51269500000035,218.7177729999994,128.46142599999985,136.0258789999998,166.2822270000006
44,136.2822270000006,146.6665039999998,120.89746099999957,187.56396500000028,136.6665039999998,98.20507799999996,157.17968800000017,129.3588869999994,114.87158199999976,207.6923829999996,200.51269500000035,124.61523400000078,140.38476599999922,166.53857400000015
45,144.3588869999994,157.05126999999993,123.9741210000002,183.20507799999996,153.9741210000002,97.17968800000017,165.6411130000006,132.17968800000017,139.3588869999994,202.3076170000004,198.46142599999985,126.6665039999998,157.56396500000028,176.79492200000004
46,152.3076170000004,172.6923829999996,126.0258789999998,182.17968800000017,200.2563479999999,99.35888699999941,163.20507799999996,144.23095699999976,166.6665039999998,206.41015599999992,210.12841800000024,131.53857400000015,175.89746099999957,190.0
47,154.10253900000043,182.43603499999972,125.51269500000035,180.76904300000024,240.89746099999957,102.82031300000017,150.6411130000006,156.53857400000015,180.2563479999999,199.48730499999965,224.23095699999976,136.15380900000036,180.89746099999957,197.17968800000017
48,149.61523400000078,179.61523400000078,124.10253900000043,176.9228520000006,246.41015599999992,105.64111300000059,138.84619099999964,163.20507799999996,173.46142599999985,171.41015599999992,225.76904300000024,138.7177729999994,168.9741210000002,194.87158199999976
49,142.17968800000017,168.46142599999985,121.9228520000006,170.51269500000035,219.10253900000043,106.53857400000015,135.0,160.89746099999957,153.84619099999964,133.3334960000002,205.0,137.3076170000004,150.38476599999922,186.0258789999998
50,133.58984400000008,159.23095699999976,116.15380900000036,159.87158199999976,184.87158199999976,105.64111300000059,136.0258789999998,147.6923829999996,135.2563479999999,104.74365200000011,165.12841800000024,130.0,138.3334960000002,174.48730499999965
51,122.94873000000007,155.2563479999999,103.9741210000002,142.05126999999993,163.9741210000002,103.84619099999964,131.79492200000004,123.84619099999964,125.64111300000059,91.79492200000004,119.23095699999976,116.53857400000015,135.2563479999999,161.9228520000006
52,108.3334960000002,149.61523400000078,87.17968800000017,115.76904300000024,151.9228520000006,102.05126999999993,116.41015599999992,94.23095699999976,120.76904300000024,79.23095699999976,79.61523400000078,101.15380900000036,130.38476599999922,146.6665039999998
53,89.87158199999976,132.05126999999993,71.2822270000006,84.61523400000078,130.6411130000006,100.76904300000024,93.46142599999985,67.30761700000039,110.64111300000059,47.56396500000028,48.0771479999994,89.23095699999976,111.15380900000036,127.69238299999961
54,71.79492200000004,102.69238299999961,61.410155999999915,53.589844000000085,94.87158199999976,100.51269500000035,72.69238299999961,50.12841800000024,91.6665039999998,-1.0258789999998044,19.102539000000434,83.7177729999994,77.43603499999972,107.43603499999972
55,60.51269500000035,74.61523400000078,59.23095699999976,26.025878999999804,60.51269500000035,101.2822270000006,62.30761700000039,45.0,72.94873000000007,-40.64111300000013,-7.435790999999426,83.84619099999964,44.61523400000078,92.43603499999972
56,60.12841800000024,62.17968800000017,63.46142599999985,1.2822270000006029,45.51269500000035,102.43603499999972,64.61523400000078,49.48730499999965,65.12841800000024,-46.66674799999964,-22.948729999999614,87.30761700000039,30.0,89.23095699999976
57,67.17968800000017,65.64111300000059,69.10253900000043,-24.8718259999996,47.05126999999993,103.20507799999996,75.0,58.20507799999996,67.56396500000028,-22.051270000000386,-22.051270000000386,91.41015599999992,35.12841800000024,96.2822270000006
58,72.30761700000039,72.05126999999993,70.12841800000024,-56.28198199999997,47.05126999999993,103.58984400000008,83.9741210000002,64.74365200000011,67.94873000000007,4.871581999999762,-14.487060999999812,93.3334960000002,45.51269500000035,103.7177729999994
59,68.9741210000002,70.51269500000035,64.35888699999941,-90.76928699999962,37.43603499999972,104.74365200000011,84.10253900000043,65.64111300000059,58.46142599999985,9.487304999999651,-17.820557000000008,92.17968800000017,46.025878999999804,102.56396500000028
60,61.9228520000006,66.0258789999998,57.43603499999972,-117.69238299999961,32.30761700000039,107.56396500000028,78.7177729999994,64.61523400000078,48.589844000000085,-5.512939000000188,-37.82055700000001,90.64111300000059,37.43603499999972,95.51269500000035
61,63.589844000000085,73.84619099999964,59.35888699999941,-124.48706099999981,50.76904300000024,112.30761700000039,78.46142599999985,69.35888699999941,57.43603499999972,-14.230713000000378,-61.025634999999966,93.58984400000008,33.846190999999635,94.74365200000011
62,80.38476599999922,99.74365200000011,73.20507799999996,-110.0,92.30761700000039,117.43603499999972,90.64111300000059,82.82031300000017,92.43603499999972,3.3334960000001956,-70.0,101.6665039999998,46.53857400000015,108.3334960000002
63,102.30761700000039,128.84619099999964,90.25634799999989,-91.02563499999997,131.79492200000004,120.64111300000059,107.69238299999961,96.79492200000004,137.05126999999993,40.25634799999989,-62.69238299999961,109.10253900000043,70.12841800000024,128.84619099999964
64,110.64111300000059,135.89746099999957,95.38476599999922,-90.89746100000002,138.9741210000002,120.51269500000035,113.3334960000002,97.05126999999993,162.56396500000028,66.2822270000006,-55.1281740000004,108.46142599999985,86.2822270000006,138.3334960000002
65,94.74365200000011,108.9741210000002,81.41015599999992,-121.15380900000036,104.23095699999976,117.43603499999972,97.82031300000017,77.17968800000017,151.6665039999998,57.30761700000039,-65.76928699999962,96.9228520000006,80.38476599999922,124.61523400000078
66,63.333496000000196,62.82031300000017,56.153809000000365,-169.61547900000005,48.333496000000196,113.46142599999985,68.58984400000008,45.76904300000024,113.58984400000008,18.333496000000196,-98.71801800000003,80.38476599999922,56.2822270000006,93.7177729999994
67,38.333496000000196,29.102539000000434,37.17968800000017,-210.1281740000004,8.589844000000085,111.53857400000015,45.38476599999922,22.05126999999993,78.0771479999994,-19.358886999999868,-138.97436500000003,69.35888699999941,35.897460999999566,67.30761700000039
68,37.30761700000039,30.0,37.69238299999961,-222.56420900000057,9.743652000000111,112.94873000000007,44.23095699999976,20.128418000000238,71.0258789999998,-25.512939000000188,-165.0,70.64111300000059,39.61523400000078,63.974121000000196
69,57.56396500000028,59.48730499999965,55.12841800000024,-209.61547900000005,44.74365200000011,116.41015599999992,64.10253900000043,37.43603499999972,95.25634799999989,2.4360349999997197,-166.79492200000004,81.41015599999992,66.2822270000006,83.46142599999985
70,79.48730499999965,88.46142599999985,73.3334960000002,-192.0512700000004,81.6665039999998,119.48730499999965,87.30761700000039,56.153809000000365,128.46142599999985,37.43603499999972,-155.0,91.79492200000004,93.0771479999994,106.41015599999992
71,82.94873000000007,90.64111300000059,76.53857400000015,-190.2563479999999,91.15380900000036,120.0,94.10253900000043,59.48730499999965,143.46142599999985,47.56396500000028,-152.179443,92.43603499999972,95.51269500000035,111.41015599999992
72,64.35888699999941,64.35888699999941,62.69238299999961,-207.820557,69.61523400000078,117.94873000000007,79.23095699999976,45.64111300000059,130.0,24.48730499999965,-172.6923829999996,82.82031300000017,70.38476599999922,93.7177729999994
73,39.48730499999965,32.69238299999961,44.48730499999965,-230.89746100000002,38.0771479999994,115.25634799999989,56.153809000000365,29.102539000000434,102.56396500000028,-10.256347999999889,-208.58984399999963,71.41015599999992,38.589844000000085,68.84619099999964
74,29.230956999999762,22.17968800000017,38.7177729999994,-241.79492200000004,21.025878999999804,114.35888699999941,45.76904300000024,26.922852000000603,86.2822270000006,-25.0,-235.89746100000002,68.20507799999996,26.282227000000603,58.0771479999994
75,42.43603499999972,40.64111300000059,51.79492200000004,-232.6923829999996,28.589844000000085,116.2822270000006,58.7177729999994,44.23095699999976,95.12841800000024,-6.025634999999966,-236.79492200000004,77.05126999999993,42.43603499999972,70.64111300000059
76,68.46142599999985,72.56396500000028,74.10253900000043,-210.89746100000002,52.69238299999961,119.74365200000011,85.25634799999989,70.12841800000024,121.15380900000036,30.769043000000238,-215.0,92.17968800000017,72.05126999999993,96.15380900000036
77,86.9228520000006,92.56396500000028,88.7177729999994,-191.923096,75.76904300000024,121.15380900000036,104.61523400000078,85.76904300000024,143.0771479999994,54.23095699999976,-191.28198199999997,102.43603499999972,89.61523400000078,114.48730499999965
78,84.23095699999976,85.64111300000059,84.61523400000078,-187.56420900000057,82.43603499999972,117.82031300000017,101.79492200000004,79.48730499999965,144.10253900000043,43.7177729999994,-184.10253899999998,100.12841800000024,80.0,111.79492200000004
79,63.46142599999985,57.05126999999993,66.41015599999992,-196.66674799999964,68.7177729999994,110.51269500000035,80.25634799999989,56.153809000000365,124.74365200000011,5.3847659999992175,-195.0,87.17968800000017,50.51269500000035,91.2822270000006
80,40.38476599999922,25.897460999999566,48.46142599999985,-208.58984399999963,43.0771479999994,103.46142599999985,56.666503999999804,32.43603499999972,99.23095699999976,-36.41015600000037,-211.53857400000015,73.20507799999996,22.56396500000028,68.46142599999985
81,28.205077999999958,8.717772999999397,41.9228520000006,-213.84619099999964,18.974121000000196,101.41015599999992,45.38476599999922,23.077147999999397,81.6665039999998,-59.35888699999987,-222.43579099999943,66.2822270000006,12.948730000000069,56.410155999999915
82,28.846190999999635,8.717772999999397,46.153809000000365,-211.15380900000036,7.43603499999972,105.76904300000024,47.56396500000028,28.846190999999635,76.6665039999998,-58.974365000000034,-227.3076170000004,67.82031300000017,20.384765999999217,55.897460999999566
83,35.76904300000024,19.102539000000434,52.82031300000017,-204.35888699999987,13.205077999999958,113.46142599999985,54.61523400000078,39.74365200000011,80.38476599999922,-43.846190999999635,-230.2563479999999,72.43603499999972,32.30761700000039,59.48730499999965
84,43.846190999999635,34.102539000000434,56.53857400000015,-194.8718259999996,34.61523400000078,119.35888699999941,60.25634799999989,46.79492200000004,89.74365200000011,-22.30761700000039,-228.33325200000036,76.2822270000006,40.38476599999922,62.82031300000017
85,54.48730499999965,53.333496000000196,60.38476599999922,-180.38452099999995,65.38476599999922,121.0258789999998,67.30761700000039,50.38476599999922,105.64111300000059,2.9487300000000687,-211.79492200000004,80.12841800000024,47.43603499999972,69.87158199999976
86,70.76904300000024,76.53857400000015,69.48730499999965,-160.5129390000002,94.87158199999976,119.48730499999965,82.30761700000039,57.30761700000039,129.3588869999994,30.25634799999989,-177.0512700000004,87.17968800000017,61.025878999999804,86.2822270000006
87,89.74365200000011,96.9228520000006,83.58984400000008,-141.66674799999964,111.41015599999992,117.30761700000039,104.61523400000078,71.0258789999998,154.61523400000078,52.94873000000007,-136.66674799999964,97.05126999999993,80.12841800000024,109.23095699999976
88,99.61523400000078,102.17968800000017,93.7177729999994,-134.35888699999987,106.2822270000006,116.2822270000006,122.56396500000028,85.25634799999989,166.79492200000004,59.87158199999976,-114.35888699999987,103.58984400000008,92.43603499999972,124.48730499999965
89,89.35888699999941,84.87158199999976,89.35888699999941,-145.0,80.51269500000035,116.2822270000006,121.53857400000015,87.94873000000007,153.58984400000008,43.589844000000085,-126.15380900000036,99.23095699999976,83.84619099999964,117.43603499999972
90,60.0,51.79492200000004,68.84619099999964,-169.61547900000005,46.410155999999915,116.15380900000036,97.30761700000039,72.82031300000017,116.6665039999998,8.589844000000085,-167.179443,82.94873000000007,53.7177729999994,86.9228520000006
91,26.410155999999915,20.25634799999989,42.30761700000039,-195.1281740000004,21.025878999999804,115.38476599999922,61.79492200000004,46.025878999999804,74.74365200000011,-28.58984399999963,-212.3076170000004,63.0771479999994,18.461425999999847,48.974121000000196
92,7.820313000000169,6.794922000000042,24.74365200000011,-208.46142599999985,15.512695000000349,114.10253900000043,35.0,22.30761700000039,52.05126999999993,-48.846190999999635,-233.076904,50.76904300000024,-0.12841800000023795,25.641113000000587
93,12.307617000000391,14.230956999999762,24.871581999999762,-204.8718259999996,27.82031300000017,113.46142599999985,30.51269500000035,13.205077999999958,60.38476599999922,-43.58984399999963,-218.97436500000003,52.30761700000039,6.922852000000603,27.69238299999961
94,32.56396500000028,31.410155999999915,39.61523400000078,-190.76928699999962,45.12841800000024,114.10253900000043,46.53857400000015,20.384765999999217,91.41015599999992,-19.8718259999996,-183.33325200000036,64.74365200000011,30.384765999999217,48.20507799999996
95,53.0771479999994,43.7177729999994,57.94873000000007,-176.53857400000015,54.61523400000078,115.51269500000035,69.35888699999941,36.153809000000365,123.0771479999994,5.256347999999889,-152.179443,79.48730499999965,51.9228520000006,70.25634799999989
96,62.69238299999961,44.48730499999965,69.87158199999976,-167.9487299999996,53.20507799999996,116.53857400000015,84.87158199999976,51.153809000000365,137.17968800000017,17.69238299999961,-144.10253899999998,88.3334960000002,58.7177729999994,80.38476599999922
97,61.025878999999804,39.61523400000078,72.30761700000039,-163.84619099999964,49.102539000000434,116.79492200000004,88.3334960000002,60.64111300000059,131.0258789999998,16.025878999999804,-156.41015600000037,88.7177729999994,52.30761700000039,77.69238299999961
98,56.79492200000004,39.87158199999976,69.10253900000043,-160.38452099999995,52.94873000000007,116.6665039999998,84.23095699999976,65.38476599999922,117.43603499999972,10.769043000000238,-169.61547900000005,84.48730499999965,44.35888699999941,71.9228520000006
99,58.0771479999994,50.38476599999922,67.17968800000017,-156.53857400000015,66.53857400000015,116.6665039999998,80.76904300000024,68.46142599999985,111.0258789999998,13.077147999999397,-165.2563479999999,82.17968800000017,45.897460999999566,72.69238299999961
100,65.76904300000024,64.61523400000078,68.9741210000002,-156.15380900000036,79.87158199999976,116.53857400000015,82.30761700000039,71.41015599999992,116.41015599999992,23.461425999999847,-142.9487299999996,84.74365200000011,56.9228520000006,81.15380900000036
101,72.94873000000007,70.25634799999989,70.89746099999957,-162.9487299999996,80.38476599999922,115.25634799999989,85.51269500000035,71.6665039999998,124.87158199999976,32.17968800000017,-120.89746100000002,88.84619099999964,67.05126999999993,88.46142599999985
102,71.79492200000004,60.51269500000035,67.94873000000007,-174.8718259999996,64.23095699999976,113.0771479999994,84.87158199999976,67.56396500000028,124.87158199999976,29.48730499999965,-118.20507799999996,88.46142599999985,65.38476599999922,84.87158199999976
103,62.30761700000039,41.53857400000015,60.76904300000024,-182.43579099999943,41.79492200000004,111.6665039999998,78.9741210000002,61.410155999999915,114.61523400000078,17.69238299999961,-135.89746100000002,82.17968800000017,53.20507799999996,70.76904300000024
104,52.30761700000039,28.205077999999958,55.64111300000059,-176.66674799999964,29.48730499999965,112.94873000000007,72.94873000000007,59.23095699999976,104.74365200000011,9.871581999999762,-156.66674799999964,74.87158199999976,42.94873000000007,57.69238299999961
105,49.23095699999976,30.128418000000238,56.9228520000006,-159.7436520000001,35.38476599999922,116.15380900000036,70.89746099999957,63.0771479999994,106.53857400000015,15.384765999999217,-162.43579099999943,72.05126999999993,44.87158199999976,55.64111300000059
106,52.17968800000017,42.43603499999972,61.410155999999915,-144.7436520000001,52.82031300000017,118.7177729999994,71.53857400000015,67.82031300000017,119.61523400000078,29.871581999999762,-150.64111300000013,74.48730499999965,55.64111300000059,63.20507799999996
107,54.102539000000434,51.025878999999804,63.20507799999996,-143.33325200000036,66.53857400000015,117.82031300000017,70.25634799999989,66.9228520000006,132.05126999999993,39.87158199999976,-132.9487299999996,78.84619099999964,62.17968800000017,69.61523400000078
108,51.53857400000015,47.05126999999993,60.51269500000035,-153.84619099999964,65.64111300000059,113.58984400000008,67.56396500000028,60.12841800000024,132.82031300000017,35.51269500000035,-121.92309599999999,81.41015599999992,56.410155999999915,66.9228520000006
109,49.102539000000434,34.87158199999976,58.974121000000196,-162.179443,52.43603499999972,108.9741210000002,69.35888699999941,55.51269500000035,122.69238299999961,20.128418000000238,-119.23071300000038,82.69238299999961,44.23095699999976,59.102539000000434
110,55.0,28.461425999999847,65.0,-154.8718259999996,39.74365200000011,107.43603499999972,81.2822270000006,61.53857400000015,113.7177729999994,5.897460999999566,-117.17944299999999,85.51269500000035,39.35888699999941,57.56396500000028
111,70.64111300000059,37.43603499999972,78.84619099999964,-132.179443,38.46142599999985,110.0,99.74365200000011,78.58984400000008,116.6665039999998,2.5639650000002803,-108.33325200000036,91.2822270000006,49.102539000000434,69.23095699999976
112,86.6665039999998,57.05126999999993,92.30761700000039,-109.48706099999981,48.7177729999994,114.74365200000011,113.3334960000002,96.15380900000036,131.15380900000036,9.615234000000783,-94.23071300000038,97.17968800000017,66.41015599999992,88.46142599999985
113,90.64111300000059,72.69238299999961,95.25634799999989,-103.97436500000003,60.38476599999922,118.20507799999996,111.79492200000004,101.6665039999998,145.51269500000035,18.846190999999635,-83.97436500000003,99.10253900000043,76.6665039999998,101.0258789999998
114,78.84619099999964,72.82031300000017,84.74365200000011,-120.0,65.51269500000035,118.46142599999985,95.38476599999922,91.15380900000036,149.10253900000043,23.589844000000085,-85.89746100000002,95.0,72.30761700000039,97.30761700000039
115,60.51269500000035,60.51269500000035,67.94873000000007,-144.4870609999998,65.38476599999922,116.15380900000036,75.38476599999922,73.3334960000002,141.41015599999992,25.897460999999566,-98.97436500000003,87.69238299999961,59.61523400000078,80.76904300000024
116,50.38476599999922,49.102539000000434,56.79492200000004,-157.6923829999996,67.82031300000017,113.9741210000002,64.74365200000011,61.53857400000015,131.79492200000004,33.0771479999994,-112.56420900000057,82.56396500000028,52.17968800000017,65.25634799999989
117,55.0,49.61523400000078,57.82031300000017,-150.1281740000004,75.38476599999922,114.35888699999941,68.0771479999994,62.17968800000017,129.10253900000043,48.46142599999985,-115.25634799999989,82.56396500000028,57.05126999999993,61.53857400000015
118,67.43603499999972,59.102539000000434,66.6665039999998,-130.5129390000002,80.38476599999922,116.6665039999998,78.7177729999994,69.61523400000078,132.82031300000017,64.74365200000011,-105.76928699999962,85.64111300000059,68.3334960000002,68.7177729999994
119,74.35888699999941,64.48730499999965,72.82031300000017,-117.82055700000001,71.9228520000006,118.3334960000002,85.64111300000059,72.43603499999972,134.7436520000001,68.84619099999964,-93.71801800000003,86.9228520000006,73.46142599999985,75.76904300000024
120,68.0771479999994,56.025878999999804,69.61523400000078,-123.46142599999985,49.23095699999976,117.43603499999972,83.3334960000002,64.74365200000011,128.46142599999985,53.846190999999635,-89.48706099999981,83.0771479999994,65.64111300000059,73.20507799999996
121,52.94873000000007,37.56396500000028,59.87158199999976,-140.76928699999962,26.794922000000042,114.61523400000078,75.89746099999957,51.9228520000006,116.9228520000006,27.43603499999972,-93.84619099999964,76.0258789999998,50.51269500000035,62.30761700000039
122,41.9228520000006,23.077147999999397,53.7177729999994,-151.923096,23.205077999999958,112.56396500000028,72.05126999999993,45.897460999999566,109.74365200000011,7.179688000000169,-97.56420900000057,72.17968800000017,41.153809000000365,53.333496000000196
123,45.25634799999989,25.51269500000035,58.7177729999994,-143.71801800000003,44.48730499999965,113.46142599999985,77.30761700000039,53.0771479999994,114.10253900000043,6.922852000000603,-91.53857400000015,75.64111300000059,46.410155999999915,56.153809000000365
124,61.53857400000015,44.23095699999976,72.69238299999961,-119.8718259999996,77.56396500000028,116.41015599999992,88.0771479999994,68.84619099999964,127.43603499999972,25.0,-75.64111300000013,84.61523400000078,62.82031300000017,70.12841800000024
125,78.58984400000008,65.51269500000035,84.48730499999965,-97.43579099999943,98.9741210000002,118.7177729999994,95.0,80.64111300000059,137.82031300000017,44.74365200000011,-60.0,91.79492200000004,76.0258789999998,83.9741210000002
126,83.46142599999985,73.46142599999985,84.35888699999941,-91.41015600000037,94.35888699999941,118.0771479999994,92.30761700000039,79.74365200000011,135.2563479999999,49.23095699999976,-54.61547900000005,91.41015599999992,74.10253900000043,86.15380900000036
127,73.84619099999964,64.10253900000043,73.7177729999994,-101.66674799999964,69.35888699999941,115.0,83.46142599999985,69.35888699999941,121.79492200000004,36.9228520000006,-60.25634799999989,84.74365200000011,59.48730499999965,76.0258789999998
128,59.48730499999965,47.69238299999961,62.56396500000028,-115.51293900000019,44.61523400000078,112.05126999999993,77.94873000000007,60.76904300000024,110.12841800000024,21.794922000000042,-67.69238299999961,78.20507799999996,47.05126999999993,63.589844000000085
129,52.69238299999961,38.333496000000196,60.0,-119.61547900000005,38.589844000000085,111.41015599999992,81.53857400000015,63.0771479999994,111.79492200000004,19.48730499999965,-65.89746100000002,77.69238299999961,49.35888699999941,59.74365200000011
130,57.82031300000017,42.94873000000007,66.9228520000006,-111.28198199999997,54.48730499999965,113.7177729999994,92.43603499999972,76.41015599999992,127.05126999999993,33.846190999999635,-51.79492200000004,83.20507799999996,66.15380900000036,67.30761700000039
131,69.74365200000011,57.56396500000028,77.43603499999972,-97.82055700000001,80.12841800000024,117.30761700000039,103.84619099999964,93.0771479999994,145.51269500000035,56.025878999999804,-31.41015600000037,90.38476599999922,86.41015599999992,80.51269500000035
132,79.74365200000011,71.53857400000015,84.23095699999976,-89.10253899999998,97.82031300000017,119.74365200000011,109.35888699999941,103.9741210000002,156.41015599999992,72.69238299999961,-15.256347999999889,94.23095699999976,98.20507799999996,90.38476599999922
133,81.2822270000006,75.89746099999957,83.0771479999994,-90.0,96.15380900000036,119.48730499999965,106.9228520000006,102.94873000000007,155.0,75.25634799999989,-10.256347999999889,92.05126999999993,96.41015599999992,90.64111300000059
134,73.9741210000002,68.3334960000002,75.51269500000035,-97.30761700000039,76.9228520000006,116.53857400000015,98.58984400000008,90.64111300000059,144.3588869999994,63.846190999999635,-15.512939000000188,85.51269500000035,83.9741210000002,81.2822270000006
135,62.56396500000028,54.102539000000434,66.79492200000004,-102.69238299999961,52.69238299999961,112.30761700000039,89.10253900000043,74.23095699999976,131.15380900000036,45.897460999999566,-23.846190999999635,79.10253900000043,68.84619099999964,68.58984400000008
136,54.35888699999941,43.589844000000085,62.69238299999961,-99.61547900000005,39.35888699999941,109.23095699999976,82.94873000000007,63.0771479999994,121.6665039999998,33.0771479999994,-26.666747999999643,76.79492200000004,60.38476599999922,60.38476599999922
137,54.35888699999941,44.23095699999976,65.76904300000024,-87.56420900000057,45.25634799999989,109.23095699999976,82.69238299999961,64.10253900000043,118.7177729999994,32.94873000000007,-20.25634799999989,79.48730499999965,63.846190999999635,61.410155999999915
138,62.17968800000017,56.410155999999915,73.84619099999964,-72.17944299999999,66.6665039999998,112.43603499999972,88.0771479999994,76.53857400000015,121.2822270000006,43.7177729999994,-6.666747999999643,85.25634799999989,77.17968800000017,70.25634799999989
139,72.82031300000017,72.05126999999993,82.17968800000017,-59.23071300000038,88.9741210000002,116.41015599999992,96.0258789999998,92.94873000000007,126.2822270000006,56.53857400000015,9.102539000000434,90.12841800000024,91.2822270000006,81.0258789999998
140,80.0,79.35888699999941,86.9228520000006,-50.89746100000002,95.38476599999922,117.56396500000028,102.94873000000007,103.58984400000008,128.46142599999985,60.897460999999566,23.077147999999397,91.2822270000006,96.41015599999992,87.17968800000017
141,80.25634799999989,71.6665039999998,87.05126999999993,-45.0,79.61523400000078,114.23095699999976,106.53857400000015,102.69238299999961,124.61523400000078,53.0771479999994,34.102539000000434,88.9741210000002,88.84619099999964,85.12841800000024
142,76.15380900000036,53.0771479999994,84.61523400000078,-37.564209000000574,51.666503999999804,108.3334960000002,107.05126999999993,92.94873000000007,115.38476599999922,38.7177729999994,43.589844000000085,86.15380900000036,74.35888699999941,77.69238299999961
143,74.23095699999976,37.30761700000039,83.58984400000008,-25.769286999999622,32.17968800000017,103.7177729999994,106.2822270000006,83.3334960000002,105.76904300000024,29.871581999999762,54.23095699999976,86.53857400000015,65.38476599999922,72.30761700000039
144,78.58984400000008,37.43603499999972,86.0258789999998,-9.743652000000111,37.43603499999972,103.7177729999994,105.12841800000024,81.41015599999992,101.53857400000015,35.38476599999922,66.41015599999992,91.15380900000036,70.51269500000035,74.61523400000078
145,86.53857400000015,54.87158199999976,89.87158199999976,6.410155999999915,65.51269500000035,108.3334960000002,103.58984400000008,87.43603499999972,103.58984400000008,53.46142599999985,77.17968800000017,97.05126999999993,88.0771479999994,83.46142599999985
146,91.79492200000004,78.3334960000002,91.41015599999992,17.69238299999961,98.58984400000008,114.74365200000011,101.0258789999998,95.38476599999922,108.0771479999994,71.79492200000004,83.58984400000008,100.12841800000024,106.2822270000006,91.41015599999992
147,90.12841800000024,92.82031300000017,88.84619099999964,21.922852000000603,115.89746099999957,118.84619099999964,97.94873000000007,98.3334960000002,109.74365200000011,78.7177729999994,85.12841800000024,97.69238299999961,112.69238299999961,92.56396500000028
148,83.3334960000002,90.64111300000059,83.7177729999994,22.05126999999993,109.23095699999976,118.46142599999985,95.76904300000024,94.48730499999965,107.05126999999993,72.17968800000017,84.87158199999976,91.2822270000006,104.10253900000043,86.79492200000004
149,76.2822270000006,76.79492200000004,79.87158199999976,23.077147999999397,87.69238299999961,114.87158199999976,96.15380900000036,87.30761700000039,102.05126999999993,59.61523400000078,86.15380900000036,85.12841800000024,88.3334960000002,78.84619099999964
150,73.58984400000008,63.20507799999996,80.0,28.589844000000085,68.9741210000002,111.15380900000036,99.74365200000011,83.0771479999994,98.20507799999996,51.153809000000365,90.64111300000059,83.46142599999985,77.05126999999993,74.23095699999976
151,77.05126999999993,59.87158199999976,84.35888699999941,38.0771479999994,65.64111300000059,110.0,105.64111300000059,85.89746099999957,97.43603499999972,51.9228520000006,98.0771479999994,87.05126999999993,77.17968800000017,75.12841800000024
152,84.61523400000078,67.69238299999961,91.0258789999998,48.46142599999985,76.15380900000036,111.41015599999992,112.05126999999993,95.0,99.23095699999976,59.87158199999976,106.79492200000004,93.20507799999996,87.17968800000017,80.38476599999922
153,92.30761700000039,79.48730499999965,97.43603499999972,56.153809000000365,88.7177729999994,113.7177729999994,117.30761700000039,105.64111300000059,101.0258789999998,69.23095699999976,115.0,98.46142599999985,99.48730499999965,86.9228520000006
154,96.6665039999998,86.6665039999998,101.53857400000015,59.48730499999965,93.46142599999985,115.38476599999922,120.51269500000035,112.30761700000039,101.0258789999998,75.64111300000059,121.53857400000015,100.64111300000059,107.30761700000039,91.79492200000004
155,97.43603499999972,87.17968800000017,102.82031300000017,60.0,90.38476599999922,115.89746099999957,120.76904300000024,113.3334960000002,100.76904300000024,80.12841800000024,127.05126999999993,100.25634799999989,108.9741210000002,94.48730499999965
156,96.79492200000004,85.51269500000035,101.79492200000004,60.38476599999922,87.82031300000017,115.89746099999957,118.58984400000008,111.2822270000006,102.82031300000017,85.89746099999957,132.43603499999972,98.84619099999964,108.46142599999985,96.2822270000006
157,97.17968800000017,86.2822270000006,100.0,63.0771479999994,92.82031300000017,116.41015599999992,115.51269500000035,109.61523400000078,107.82031300000017,94.10253900000043,138.84619099999964,98.0771479999994,110.0,98.3334960000002
158,99.61523400000078,90.89746099999957,99.35888699999941,68.7177729999994,104.74365200000011,117.30761700000039,114.23095699999976,110.38476599999922,114.10253900000043,101.53857400000015,146.53857400000015,98.58984400000008,115.38476599999922,101.41015599999992
159,104.61523400000078,97.43603499999972,101.6665039999998,77.30761700000039,116.53857400000015,117.69238299999961,116.9228520000006,112.94873000000007,118.46142599999985,104.87158199999976,155.76904300000024,100.76904300000024,122.94873000000007,105.64111300000059
160,112.05126999999993,103.58984400000008,107.05126999999993,87.43603499999972,122.56396500000028,117.05126999999993,123.0771479999994,115.89746099999957,119.74365200000011,104.10253900000043,165.76904300000024,104.10253900000043,130.0,111.0258789999998
161,120.12841800000024,108.20507799999996,113.3334960000002,96.79492200000004,121.9228520000006,116.2822270000006,129.23095699999976,118.0771479999994,118.58984400000008,102.69238299999961,174.61523400000078,108.20507799999996,134.10253900000043,116.0258789999998
162,127.05126999999993,111.0258789999998,117.69238299999961,103.84619099999964,118.46142599999985,116.0258789999998,132.43603499999972,119.23095699999976,116.41015599999992,103.0771479999994,181.0258789999998,111.79492200000004,135.2563479999999,119.23095699999976
163,131.15380900000036,112.30761700000039,119.23095699999976,109.10253900000043,116.41015599999992,116.15380900000036,132.3076170000004,120.64111300000059,114.74365200000011,105.12841800000024,185.12841800000024,113.9741210000002,135.12841800000024,120.12841800000024
164,132.43603499999972,113.58984400000008,119.23095699999976,115.0,117.43603499999972,116.2822270000006,130.51269500000035,123.3334960000002,114.23095699999976,106.79492200000004,189.3588869999994,114.61523400000078,136.2822270000006,120.38476599999922
165,132.94873000000007,116.9228520000006,120.64111300000059,123.84619099999964,121.0258789999998,116.0258789999998,129.48730499999965,127.56396500000028,115.0,106.9228520000006,195.76904300000024,115.0,140.51269500000035,122.30761700000039
166,135.2563479999999,123.3334960000002,124.74365200000011,136.53857400000015,125.76904300000024,115.89746099999957,130.38476599999922,132.17968800000017,116.79492200000004,106.53857400000015,205.0,116.0258789999998,147.17968800000017,127.17968800000017
167,139.3588869999994,130.6411130000006,130.0,150.38476599999922,130.2563479999999,115.89746099999957,132.94873000000007,134.48730499999965,118.84619099999964,106.41015599999992,214.61523400000078,117.94873000000007,152.17968800000017,133.0771479999994
168,141.9228520000006,133.7177729999994,132.82031300000017,160.76904300000024,131.9228520000006,115.89746099999957,135.0,132.17968800000017,118.58984400000008,104.87158199999976,220.0,119.48730499999965,151.41015599999992,135.51269500000035
169,139.48730499999965,128.3334960000002,130.51269500000035,164.23095699999976,130.12841800000024,115.76904300000024,135.0,125.76904300000024,113.84619099999964,98.84619099999964,218.3334960000002,118.9741210000002,143.46142599999985,131.41015599999992
170,132.43603499999972,116.0258789999998,124.35888699999941,162.94873000000007,127.17968800000017,115.51269500000035,132.94873000000007,118.3334960000002,105.25634799999989,88.7177729999994,211.79492200000004,116.6665039999998,131.9228520000006,122.56396500000028
171,124.87158199999976,103.84619099999964,118.58984400000008,162.43603499999972,127.05126999999993,115.64111300000059,130.89746099999957,114.10253900000043,97.56396500000028,80.64111300000059,206.79492200000004,114.48730499999965,123.46142599999985,115.12841800000024
172,120.64111300000059,98.84619099999964,116.0258789999998,166.53857400000015,130.0,116.0258789999998,129.61523400000078,113.84619099999964,94.61523400000078,80.51269500000035,208.3334960000002,114.23095699999976,121.9228520000006,112.82031300000017
173,119.74365200000011,101.79492200000004,115.89746099999957,173.0771479999994,130.89746099999957,116.41015599999992,128.20507799999996,115.38476599999922,95.76904300000024,87.56396500000028,215.0,115.0,125.51269500000035,114.48730499999965
174,119.87158199999976,107.56396500000028,115.51269500000035,177.94873000000007,123.7177729999994,116.2822270000006,125.51269500000035,115.76904300000024,97.05126999999993,93.7177729999994,221.41015599999992,114.74365200000011,128.0771479999994,115.38476599999922
175,119.87158199999976,110.38476599999922,114.48730499999965,179.87158199999976,108.20507799999996,115.64111300000059,123.46142599999985,115.89746099999957,95.51269500000035,91.53857400000015,224.23095699999976,112.94873000000007,126.0258789999998,113.58984400000008
176,121.53857400000015,109.74365200000011,115.76904300000024,183.9741210000002,93.7177729999994,115.0,126.79492200000004,119.35888699999941,93.46142599999985,82.56396500000028,226.0258789999998,112.05126999999993,121.6665039999998,112.30761700000039
177,128.3334960000002,111.53857400000015,122.69238299999961,197.43603499999972,94.87158199999976,115.38476599999922,138.0771479999994,129.3588869999994,97.17968800000017,78.0771479999994,233.7177729999994,115.25634799999989,122.17968800000017,117.30761700000039
178,141.2822270000006,122.30761700000039,134.7436520000001,221.15380900000036,120.25634799999989,117.05126999999993,153.7177729999994,144.23095699999976,109.74365200000011,90.76904300000024,250.89746099999957,123.0771479999994,132.82031300000017,130.12841800000024
179,155.89746099999957,141.41015599999992,146.2822270000006,246.53857400000015,161.15380900000036,119.35888699999941,164.61523400000078,157.3076170000004,127.94873000000007,122.94873000000007,272.94873000000007,131.6665039999998,150.6411130000006,145.51269500000035
180,164.61523400000078,157.82031300000017,150.51269500000035,260.12841800000024,193.9741210000002,121.2822270000006,163.46142599999985,161.41015599999992,142.3076170000004,160.76904300000024,288.7177729999994,135.6411130000006,165.51269500000035,153.84619099999964
181,161.0258789999998,157.56396500000028,145.0,253.7177729999994,196.2822270000006,121.53857400000015,151.41015599999992,153.9741210000002,143.46142599999985,181.2822270000006,288.9741210000002,131.6665039999998,166.53857400000015,148.46142599999985
182,146.79492200000004,137.05126999999993,133.9741210000002,232.6923829999996,164.48730499999965,119.48730499999965,137.3076170000004,139.48730499999965,128.9741210000002,169.7436520000001,273.9741210000002,121.79492200000004,150.38476599999922,131.15380900000036
183,131.15380900000036,108.20507799999996,125.0,213.7177729999994,119.23095699999976,116.15380900000036,131.53857400000015,127.69238299999961,107.05126999999993,133.0771479999994,255.0,112.43603499999972,125.76904300000024,113.0771479999994
184,125.25634799999989,92.05126999999993,124.35888699999941,212.05126999999993,91.79492200000004,114.10253900000043,138.7177729999994,127.17968800000017,91.79492200000004,97.56396500000028,246.15380900000036,109.87158199999976,109.61523400000078,106.53857400000015
185,134.3588869999994,101.79492200000004,132.05126999999993,230.2563479999999,101.0258789999998,115.51269500000035,153.7177729999994,138.7177729999994,93.9741210000002,89.74365200000011,254.3588869999994,115.51269500000035,113.46142599999985,115.89746099999957
186,151.79492200000004,131.41015599999992,141.79492200000004,255.12841800000024,138.9741210000002,119.35888699999941,165.12841800000024,154.23095699999976,111.6665039999998,115.51269500000035,273.9741210000002,124.23095699999976,134.48730499999965,133.46142599999985
187,163.7177729999994,159.23095699999976,145.51269500000035,267.6923829999996,176.6665039999998,122.17968800000017,163.58984400000008,162.05126999999993,131.15380900000036,156.15380900000036,290.12841800000024,128.3334960000002,155.38476599999922,144.7436520000001
188,159.61523400000078,164.48730499999965,138.9741210000002,257.5639650000003,186.79492200000004,121.0258789999998,147.94873000000007,155.76904300000024,136.79492200000004,182.3076170000004,289.87158199999976,123.46142599999985,158.46142599999985,139.10253900000043
189,140.2563479999999,143.84619099999964,125.38476599999922,230.38476599999922,164.3588869999994,116.41015599999992,126.79492200000004,138.0771479999994,123.46142599999985,176.79492200000004,271.53857400000015,112.17968800000017,139.87158199999976,118.46142599999985
190,117.56396500000028,112.56396500000028,112.17968800000017,203.3334960000002,127.56396500000028,111.53857400000015,111.79492200000004,118.3334960000002,100.0,145.38476599999922,246.41015599999992,101.53857400000015,111.79492200000004,95.38476599999922
191,105.0,91.6665039999998,106.53857400000015,192.6923829999996,100.38476599999922,108.9741210000002,109.87158199999976,106.15380900000036,81.79492200000004,110.89746099999957,230.51269500000035,97.94873000000007,92.82031300000017,83.58984400000008
192,109.10253900000043,91.79492200000004,111.15380900000036,202.17968800000017,95.12841800000024,109.61523400000078,120.0,106.41015599999992,78.20507799999996,93.9741210000002,233.0771479999994,103.0771479999994,92.82031300000017,88.7177729999994
193,125.12841800000024,107.17968800000017,122.82031300000017,222.43603499999972,105.89746099999957,111.6665039999998,133.84619099999964,116.6665039999998,87.17968800000017,100.0,250.38476599999922,112.82031300000017,106.6665039999998,104.23095699999976
194,139.61523400000078,121.15380900000036,133.46142599999985,237.56396500000028,117.30761700000039,113.0771479999994,141.79492200000004,128.0771479999994,97.30761700000039,117.05126999999993,267.6923829999996,120.25634799999989,119.23095699999976,116.9228520000006
195,141.9228520000006,120.0,136.2822270000006,237.94873000000007,117.43603499999972,112.69238299999961,138.20507799999996,132.17968800000017,98.3334960000002,127.05126999999993,271.0258789999998,120.38476599999922,118.0771479999994,116.6665039999998
196,132.56396500000028,105.38476599999922,130.76904300000024,227.17968800000017,108.7177729999994,111.2822270000006,126.9228520000006,127.30761700000039,90.51269500000035,122.05126999999993,258.7177729999994,114.87158199999976,105.64111300000059,105.38476599999922
197,124.23095699999976,93.46142599999985,124.35888699999941,217.94873000000007,104.23095699999976,110.76904300000024,119.48730499999965,121.79492200000004,84.74365200000011,110.25634799999989,244.10253900000043,110.38476599999922,97.69238299999961,96.53857400000015
198,128.7177729999994,98.9741210000002,125.64111300000059,220.89746099999957,113.9741210000002,112.30761700000039,125.64111300000059,125.12841800000024,92.05126999999993,107.05126999999993,243.7177729999994,112.43603499999972,108.46142599999985,102.94873000000007
199,146.0258789999998,121.15380900000036,135.12841800000024,233.7177729999994,132.6923829999996,114.74365200000011,143.84619099999964,138.46142599999985,112.30761700000039,119.61523400000078,261.53857400000015,121.0258789999998,136.0258789999998,124.10253900000043
200,163.9741210000002,143.58984400000008,145.51269500000035,244.7436520000001,145.6411130000006,116.2822270000006,162.43603499999972,152.94873000000007,132.82031300000017,140.12841800000024,285.76904300000024,130.0,163.3334960000002,145.89746099999957
201,170.2563479999999,150.0,148.7177729999994,243.84619099999964,142.94873000000007,116.41015599999992,168.58984400000008,158.46142599999985,139.87158199999976,153.58984400000008,299.87158199999976,133.3334960000002,173.58984400000008,153.9741210000002
202,162.56396500000028,138.7177729999994,142.82031300000017,230.89746099999957,128.20507799999996,115.89746099999957,158.46142599999985,152.43603499999972,130.89746099999957,151.6665039999998,295.6411130000006,130.0,164.3588869999994,145.2563479999999
203,149.61523400000078,122.43603499999972,133.20507799999996,214.87158199999976,113.3334960000002,116.41015599999992,139.87158199999976,141.41015599999992,116.0258789999998,138.20507799999996,278.7177729999994,123.9741210000002,147.94873000000007,129.87158199999976
204,142.05126999999993,115.0,126.53857400000015,205.89746099999957,107.94873000000007,117.56396500000028,125.64111300000059,133.9741210000002,107.43603499999972,123.3334960000002,261.6665039999998,120.38476599999922,138.58984400000008,120.38476599999922
205,143.20507799999996,119.48730499999965,125.25634799999989,206.79492200000004,112.94873000000007,117.56396500000028,122.69238299999961,133.20507799999996,109.10253900000043,113.7177729999994,253.58984400000008,120.12841800000024,140.0,120.64111300000059
206,147.6923829999996,127.43603499999972,126.15380900000036,212.3076170000004,120.76904300000024,115.0,127.82031300000017,134.61523400000078,114.10253900000043,108.46142599999985,254.87158199999976,120.51269500000035,144.7436520000001,124.48730499999965
207,148.46142599999985,128.20507799999996,124.74365200000011,214.23095699999976,124.10253900000043,110.64111300000059,132.56396500000028,132.6923829999996,113.9741210000002,103.9741210000002,259.48730499999965,118.7177729999994,142.94873000000007,124.10253900000043
208,145.12841800000024,121.15380900000036,121.15380900000036,210.0,122.17968800000017,107.94873000000007,132.6923829999996,127.05126999999993,107.43603499999972,100.12841800000024,262.17968800000017,116.15380900000036,133.9741210000002,118.3334960000002
209,143.84619099999964,115.25634799999989,120.0,204.23095699999976,120.89746099999957,109.10253900000043,131.41015599999992,123.7177729999994,103.0771479999994,101.41015599999992,263.5898440000001,117.05126999999993,126.53857400000015,114.23095699999976
210,150.6411130000006,120.12841800000024,125.12841800000024,203.9741210000002,125.76904300000024,113.46142599999985,134.87158199999976,128.84619099999964,109.10253900000043,111.9228520000006,267.17968800000017,123.46142599999985,130.12841800000024,119.35888699999941
211,163.3334960000002,135.12841800000024,134.61523400000078,210.12841800000024,135.0,117.69238299999961,144.3588869999994,141.2822270000006,124.23095699999976,128.84619099999964,273.20507799999996,132.05126999999993,144.48730499999965,133.0771479999994
212,172.3076170000004,149.48730499999965,140.76904300000024,216.6665039999998,139.61523400000078,119.23095699999976,153.20507799999996,151.9228520000006,137.05126999999993,142.05126999999993,275.76904300000024,136.2822270000006,159.10253900000043,145.12841800000024
213,168.20507799999996,151.15380900000036,136.9228520000006,215.38476599999922,130.89746099999957,117.69238299999961,152.82031300000017,151.41015599999992,135.76904300000024,141.2822270000006,267.4360349999997,132.05126999999993,162.05126999999993,145.2563479999999
214,151.9228520000006,137.17968800000017,123.7177729999994,205.0,109.87158199999976,115.12841800000024,140.2563479999999,137.3076170000004,118.46142599999985,124.48730499999965,248.46142599999985,121.0258789999998,150.76904300000024,131.2822270000006
215,135.0,117.69238299999961,110.38476599999922,192.17968800000017,88.3334960000002,113.7177729999994,122.94873000000007,118.9741210000002,96.53857400000015,101.53857400000015,229.10253900000043,110.64111300000059,134.3588869999994,113.0771479999994
216,131.6665039999998,108.9741210000002,107.69238299999961,186.6665039999998,82.30761700000039,114.10253900000043,113.3334960000002,110.25634799999989,86.53857400000015,88.20507799999996,223.46142599999985,109.10253900000043,127.43603499999972,105.12841800000024
217,146.53857400000015,120.64111300000059,119.35888699999941,193.46142599999985,99.74365200000011,115.51269500000035,119.10253900000043,118.84619099999964,97.05126999999993,94.48730499999965,236.53857400000015,118.20507799999996,137.43603499999972,114.87158199999976
218,170.6411130000006,146.9228520000006,138.20507799999996,208.58984400000008,132.94873000000007,116.9228520000006,136.41015599999992,139.23095699999976,121.6665039999998,116.6665039999998,259.87158199999976,131.53857400000015,159.10253900000043,136.41015599999992
219,188.84619099999964,171.9228520000006,152.56396500000028,223.7177729999994,163.46142599999985,118.46142599999985,153.9741210000002,157.05126999999993,144.61523400000078,140.2563479999999,278.46142599999985,140.2563479999999,178.7177729999994,156.0258789999998
220,192.56396500000028,182.17968800000017,155.38476599999922,231.2822270000006,174.87158199999976,119.48730499999965,161.79492200000004,162.05126999999993,153.20507799999996,151.2822270000006,282.4360349999997,140.12841800000024,185.51269500000035,163.0771479999994
221,182.94873000000007,175.51269500000035,147.17968800000017,227.43603499999972,163.3334960000002,119.10253900000043,157.17968800000017,153.20507799999996,144.7436520000001,143.9741210000002,272.17968800000017,133.3334960000002,177.05126999999993,156.2822270000006
222,166.53857400000015,158.0771479999994,133.3334960000002,212.94873000000007,137.43603499999972,116.2822270000006,142.6923829999996,136.6665039999998,125.38476599999922,122.56396500000028,253.7177729999994,124.23095699999976,158.9741210000002,140.38476599999922
223,150.0,138.46142599999985,118.7177729999994,192.82031300000017,111.0258789999998,110.76904300000024,124.87158199999976,119.48730499999965,103.7177729999994,96.53857400000015,234.61523400000078,115.76904300000024,139.23095699999976,122.43603499999972
224,138.9741210000002,123.84619099999964,108.7177729999994,176.41015599999992,96.41015599999992,104.61523400000078,111.6665039999998,108.20507799999996,88.0771479999994,76.6665039999998,221.0258789999998,109.87158199999976,125.51269500000035,108.9741210000002
225,137.6923829999996,120.38476599999922,107.69238299999961,172.05126999999993,98.58984400000008,101.41015599999992,110.64111300000059,107.43603499999972,85.25634799999989,72.17968800000017,218.20507799999996,108.0771479999994,123.0771479999994,105.38476599999922
226,147.05126999999993,130.51269500000035,116.6665039999998,181.9228520000006,114.48730499999965,103.20507799999996,123.7177729999994,119.23095699999976,97.43603499999972,86.15380900000036,226.9228520000006,112.17968800000017,132.6923829999996,113.9741210000002
227,163.0771479999994,150.6411130000006,131.41015599999992,200.0,135.2563479999999,109.23095699999976,144.87158199999976,139.23095699999976,120.12841800000024,112.17968800000017,242.6923829999996,121.15380900000036,149.48730499999965,131.15380900000036
228,178.0771479999994,170.89746099999957,143.84619099999964,216.15380900000036,150.89746099999957,115.51269500000035,162.43603499999972,158.3334960000002,142.43603499999972,136.79492200000004,256.9228520000006,130.51269500000035,165.12841800000024,148.58984400000008
229,184.87158199999976,180.51269500000035,146.9228520000006,221.6665039999998,155.12841800000024,118.84619099999964,166.41015599999992,166.6665039999998,153.3334960000002,147.17968800000017,262.3076170000004,134.87158199999976,172.17968800000017,157.3076170000004
230,181.0258789999998,175.2563479999999,139.10253900000043,214.10253900000043,148.84619099999964,117.82031300000017,154.87158199999976,160.76904300000024,147.82031300000017,138.84619099999964,256.4101559999999,131.53857400000015,168.20507799999996,153.7177729999994
231,169.61523400000078,159.61523400000078,125.0,198.46142599999985,138.0771479999994,114.48730499999965,135.38476599999922,144.7436520000001,130.6411130000006,118.58984400000008,242.3076170000004,122.69238299999961,156.2822270000006,140.89746099999957
232,157.6923829999996,144.7436520000001,112.94873000000007,184.23095699999976,131.15380900000036,111.41015599999992,119.87158199999976,128.7177729999994,113.7177729999994,98.9741210000002,227.3076170000004,114.35888699999941,143.7177729999994,127.17968800000017
233,152.56396500000028,139.87158199999976,110.0,178.84619099999964,132.17968800000017,110.76904300000024,117.56396500000028,121.79492200000004,108.20507799999996,90.38476599999922,219.10253900000043,111.9228520000006,137.94873000000007,121.2822270000006
234,156.53857400000015,146.2822270000006,116.9228520000006,182.82031300000017,138.20507799999996,112.30761700000039,127.94873000000007,126.41015599999992,116.15380900000036,94.10253900000043,220.89746099999957,115.76904300000024,141.0258789999998,125.51269500000035
235,165.12841800000024,156.6665039999998,127.69238299999961,189.87158199999976,142.3076170000004,114.74365200000011,141.79492200000004,137.17968800000017,128.3334960000002,101.9228520000006,228.7177729999994,122.05126999999993,149.10253900000043,135.12841800000024
236,171.79492200000004,162.43603499999972,134.61523400000078,192.94873000000007,140.89746099999957,116.2822270000006,149.48730499999965,146.0258789999998,133.3334960000002,104.87158199999976,235.6411130000006,125.76904300000024,156.0258789999998,142.56396500000028
237,174.23095699999976,161.79492200000004,134.87158199999976,191.79492200000004,137.6923829999996,116.6665039999998,148.46142599999985,149.23095699999976,128.58984400000008,102.17968800000017,238.0771479999994,126.0258789999998,159.87158199999976,145.12841800000024
238,175.2563479999999,160.2563479999999,132.56396500000028,191.53857400000015,139.3588869999994,116.6665039999998,144.48730499999965,149.61523400000078,121.9228520000006,101.0258789999998,238.3334960000002,125.64111300000059,163.20507799999996,145.6411130000006
239,178.20507799999996,163.20507799999996,132.6923829999996,196.41015599999992,146.15380900000036,116.9228520000006,144.3588869999994,151.0258789999998,123.0771479999994,108.0771479999994,239.87158199999976,127.30761700000039,167.94873000000007,148.58984400000008
240,181.41015599999992,168.7177729999994,135.89746099999957,203.9741210000002,150.38476599999922,117.05126999999993,148.46142599999985,152.94873000000007,132.82031300000017,120.89746099999957,241.6665039999998,130.51269500000035,170.76904300000024,152.82031300000017
241,180.12841800000024,169.3588869999994,137.82031300000017,206.9228520000006,144.23095699999976,116.53857400000015,151.41015599999992,151.15380900000036,142.43603499999972,129.10253900000043,238.7177729999994,131.15380900000036,166.15380900000036,152.6923829999996
242,172.05126999999993,160.51269500000035,134.3588869999994,200.76904300000024,129.10253900000043,115.64111300000059,148.3334960000002,143.20507799999996,142.3076170000004,125.0,228.58984400000008,126.53857400000015,153.0771479999994,144.7436520000001
243,161.15380900000036,145.76904300000024,126.6665039999998,187.43603499999972,115.25634799999989,115.25634799999989,140.0,132.3076170000004,131.15380900000036,111.15380900000036,215.76904300000024,118.58984400000008,138.20507799999996,131.53857400000015
244,153.9741210000002,134.61523400000078,119.48730499999965,173.3334960000002,112.69238299999961,115.51269500000035,131.9228520000006,125.38476599999922,116.9228520000006,98.46142599999985,207.56396500000028,112.05126999999993,130.38476599999922,119.87158199999976
245,154.7436520000001,133.84619099999964,117.30761700000039,164.7436520000001,122.94873000000007,116.15380900000036,128.3334960000002,126.41015599999992,109.74365200000011,96.15380900000036,208.20507799999996,111.2822270000006,133.84619099999964,115.89746099999957
246,161.6665039999998,142.82031300000017,120.51269500000035,164.23095699999976,138.58984400000008,116.79492200000004,130.2563479999999,134.10253900000043,113.84619099999964,104.61523400000078,216.53857400000015,116.41015599999992,145.38476599999922,120.51269500000035
247,170.6411130000006,154.87158199999976,127.30761700000039,171.2822270000006,149.87158199999976,117.43603499999972,136.2822270000006,143.3334960000002,126.2822270000006,115.76904300000024,227.3076170000004,124.23095699999976,157.3076170000004,130.51269500000035
248,178.7177729999994,163.9741210000002,135.51269500000035,183.3334960000002,152.94873000000007,117.82031300000017,144.87158199999976,150.2563479999999,140.12841800000024,121.79492200000004,236.41015599999992,131.2822270000006,164.3588869999994,142.43603499999972
249,186.0258789999998,169.7436520000001,143.9741210000002,196.6665039999998,151.53857400000015,118.0771479999994,155.6411130000006,154.61523400000078,150.6411130000006,122.30761700000039,242.94873000000007,136.41015599999992,167.56396500000028,154.23095699999976
250,192.94873000000007,175.0,151.79492200000004,206.6665039999998,153.20507799999996,117.82031300000017,166.6665039999998,158.7177729999994,156.2822270000006,122.17968800000017,248.20507799999996,140.0,171.41015599999992,164.7436520000001
251,197.43603499999972,180.12841800000024,156.6665039999998,208.9741210000002,159.61523400000078,117.56396500000028,173.7177729999994,163.20507799999996,158.20507799999996,126.0258789999998,251.53857400000015,142.05126999999993,177.6923829999996,171.9228520000006
252,196.0258789999998,180.89746099999957,155.2563479999999,201.6665039999998,164.7436520000001,117.56396500000028,172.05126999999993,165.51269500000035,156.41015599999992,131.53857400000015,250.2563479999999,140.76904300000024,182.94873000000007,172.3076170000004
253,186.79492200000004,172.82031300000017,147.17968800000017,187.6923829999996,160.6411130000006,117.94873000000007,160.6411130000006,161.9228520000006,150.51269500000035,132.6923829999996,242.6923829999996,135.2563479999999,181.53857400000015,163.7177729999994
254,172.94873000000007,157.17968800000017,135.89746099999957,173.3334960000002,146.2822270000006,118.20507799999996,144.61523400000078,152.94873000000007,141.2822270000006,126.0258789999998,230.89746099999957,127.69238299999961,171.41015599999992,148.9741210000002
255,161.2822270000006,141.79492200000004,127.82031300000017,165.6411130000006,130.38476599999922,117.94873000000007,133.20507799999996,143.9741210000002,132.17968800000017,115.0,220.6411130000006,122.43603499999972,157.17968800000017,135.0
256,157.82031300000017,135.12841800000024,127.56396500000028,167.17968800000017,123.0771479999994,116.9228520000006,132.82031300000017,141.15380900000036,127.69238299999961,107.56396500000028,216.53857400000015,123.0771479999994,147.05126999999993,128.84619099999964
257,162.3076170000004,139.23095699999976,133.3334960000002,173.46142599999985,127.43603499999972,115.76904300000024,142.05126999999993,145.0,128.84619099999964,108.46142599999985,217.56396500000028,128.46142599999985,145.51269500000035,131.41015599999992
258,168.20507799999996,147.6923829999996,138.7177729999994,176.6665039999998,135.76904300000024,115.12841800000024,151.79492200000004,149.3588869999994,132.3076170000004,114.35888699999941,218.3334960000002,133.58984400000008,149.61523400000078,136.9228520000006
259,168.7177729999994,152.05126999999993,138.3334960000002,171.53857400000015,138.7177729999994,115.76904300000024,153.46142599999985,148.20507799999996,132.94873000000007,117.82031300000017,214.87158199999976,133.7177729999994,152.43603499999972,138.0771479999994
260,164.10253900000043,149.87158199999976,132.82031300000017,161.2822270000006,134.7436520000001,117.05126999999993,147.05126999999993,141.6665039999998,130.51269500000035,115.12841800000024,209.61523400000078,129.3588869999994,150.51269500000035,133.9741210000002
261,161.0258789999998,147.17968800000017,128.9741210000002,155.2563479999999,131.2822270000006,118.20507799999996,141.0258789999998,137.17968800000017,130.2563479999999,109.74365200000011,209.23095699999976,125.25634799999989,147.82031300000017,130.6411130000006
262,165.76904300000024,150.76904300000024,132.94873000000007,160.12841800000024,135.76904300000024,118.0771479999994,144.23095699999976,141.9228520000006,136.53857400000015,107.56396500000028,216.9228520000006,126.41015599999992,150.2563479999999,134.48730499999965
263,176.15380900000036,160.51269500000035,142.94873000000007,172.56396500000028,146.9228520000006,117.05126999999993,156.41015599999992,154.7436520000001,147.17968800000017,110.12841800000024,227.94873000000007,132.56396500000028,157.94873000000007,144.7436520000001
264,182.17968800000017,168.3334960000002,150.6411130000006,180.38476599999922,156.2822270000006,115.76904300000024,167.82031300000017,165.89746099999957,153.9741210000002,114.10253900000043,232.6923829999996,137.82031300000017,164.61523400000078,152.82031300000017
265,175.0,165.89746099999957,147.43603499999972,173.9741210000002,155.38476599999922,115.25634799999989,167.17968800000017,165.38476599999922,149.87158199999976,114.10253900000043,224.48730499999965,136.41015599999992,162.82031300000017,149.10253900000043
266,155.38476599999922,151.2822270000006,132.56396500000028,153.84619099999964,143.3334960000002,115.76904300000024,151.6665039999998,151.53857400000015,135.2563479999999,108.46142599999985,206.0258789999998,126.9228520000006,150.89746099999957,132.43603499999972
267,133.0771479999994,131.53857400000015,114.48730499999965,131.6665039999998,127.43603499999972,116.9228520000006,130.0,132.3076170000004,117.56396500000028,100.25634799999989,186.6665039999998,114.35888699999941,135.12841800000024,111.2822270000006
268,120.51269500000035,117.17968800000017,104.48730499999965,121.53857400000015,117.17968800000017,118.0771479999994,115.76904300000024,119.48730499999965,107.43603499999972,95.12841800000024,176.0258789999998,106.6665039999998,125.76904300000024,98.58984400000008
269,124.61523400000078,116.2822270000006,109.35888699999941,129.48730499999965,117.56396500000028,118.58984400000008,117.94873000000007,120.89746099999957,111.41015599999992,98.0771479999994,179.23095699999976,109.48730499999965,129.48730499999965,102.82031300000017
270,142.82031300000017,129.61523400000078,126.41015599999992,150.6411130000006,126.53857400000015,118.0771479999994,135.76904300000024,135.76904300000024,128.46142599999985,110.25634799999989,194.23095699999976,122.17968800000017,145.38476599999922,122.17968800000017
271,165.6411130000006,151.15380900000036,146.15380900000036,172.6923829999996,138.58984400000008,117.43603499999972,158.84619099999964,155.51269500000035,150.6411130000006,128.0771479999994,213.9741210000002,137.94873000000007,165.6411130000006,146.79492200000004
272,182.94873000000007,172.3076170000004,159.10253900000043,185.2563479999999,148.58984400000008,117.17968800000017,175.0,169.7436520000001,167.43603499999972,145.0,230.2563479999999,148.46142599999985,181.41015599999992,165.12841800000024
273,188.7177729999994,185.6411130000006,160.89746099999957,184.7436520000001,154.3588869999994,117.43603499999972,177.3076170000004,172.43603499999972,171.53857400000015,153.3334960000002,237.43603499999972,149.7436520000001,186.53857400000015,170.2563479999999
274,182.94873000000007,187.43603499999972,154.10253900000043,175.0,155.12841800000024,117.82031300000017,166.9228520000006,165.12841800000024,162.43603499999972,148.84619099999964,234.10253900000043,143.20507799999996,180.2563479999999,162.94873000000007
275,170.6411130000006,178.3334960000002,144.7436520000001,162.82031300000017,151.9228520000006,117.82031300000017,151.6665039999998,153.9741210000002,146.53857400000015,134.3588869999994,223.84619099999964,134.10253900000043,167.05126999999993,150.0
276,159.3588869999994,163.3334960000002,138.46142599999985,154.87158199999976,147.05126999999993,117.17968800000017,140.0,145.0,133.3334960000002,118.84619099999964,212.43603499999972,127.43603499999972,153.7177729999994,139.23095699999976
277,155.0,150.38476599999922,137.94873000000007,153.9741210000002,143.58984400000008,116.41015599999992,136.9228520000006,141.41015599999992,129.87158199999976,112.17968800000017,205.6411130000006,126.2822270000006,146.9228520000006,135.51269500000035
278,159.3588869999994,146.41015599999992,141.79492200000004,158.58984400000008,143.0771479999994,116.15380900000036,141.9228520000006,143.0771479999994,135.89746099999957,117.94873000000007,206.15380900000036,130.12841800000024,149.61523400000078,139.7436520000001
279,168.84619099999964,152.82031300000017,146.9228520000006,163.0771479999994,143.7177729999994,116.41015599999992,149.61523400000078,148.0771479999994,144.48730499999965,130.6411130000006,211.0258789999998,135.89746099999957,159.10253900000043,147.82031300000017
280,176.0258789999998,162.82031300000017,149.48730499999965,161.79492200000004,141.79492200000004,117.05126999999993,153.3334960000002,152.3076170000004,146.79492200000004,138.7177729999994,213.58984400000008,138.9741210000002,167.6923829999996,153.46142599999985
281,176.0258789999998,168.0771479999994,148.58984400000008,154.10253900000043,135.6411130000006,117.69238299999961,150.51269500000035,152.56396500000028,139.61523400000078,134.10253900000043,210.0,137.3076170000004,168.84619099999964,152.3076170000004
282,170.51269500000035,165.76904300000024,146.6665039999998,146.41015599999992,130.12841800000024,118.0771479999994,145.0,149.87158199999976,128.7177729999994,119.87158199999976,203.0771479999994,133.0771479999994,163.20507799999996,146.2822270000006
283,166.2822270000006,161.6665039999998,147.82031300000017,146.41015599999992,132.56396500000028,118.20507799999996,143.7177729999994,148.58984400000008,125.38476599999922,108.84619099999964,200.38476599999922,130.89746099999957,158.3334960000002,141.9228520000006
284,168.9741210000002,163.20507799999996,153.3334960000002,156.0258789999998,145.76904300000024,118.0771479999994,150.12841800000024,151.79492200000004,135.12841800000024,111.53857400000015,205.76904300000024,133.46142599999985,161.0258789999998,144.3588869999994
285,177.43603499999972,171.6665039999998,160.0,168.84619099999964,163.3334960000002,117.30761700000039,160.76904300000024,158.46142599999985,152.94873000000007,126.15380900000036,216.15380900000036,139.3588869999994,170.89746099999957,152.43603499999972
286,184.7436520000001,180.38476599999922,162.94873000000007,175.51269500000035,173.7177729999994,116.41015599999992,168.20507799999996,163.58984400000008,165.89746099999957,140.51269500000035,223.7177729999994,143.9741210000002,180.2563479999999,160.12841800000024
287,184.23095699999976,181.2822270000006,159.10253900000043,171.53857400000015,169.23095699999976,115.64111300000059,167.17968800000017,162.6923829999996,164.7436520000001,142.43603499999972,223.3334960000002,144.10253900000043,180.6411130000006,161.2822270000006
288,175.38476599999922,172.3076170000004,150.89746099999957,160.6411130000006,152.56396500000028,115.76904300000024,158.58984400000008,155.89746099999957,150.89746099999957,130.6411130000006,216.15380900000036,139.87158199999976,170.2563479999999,155.0
289,165.0,159.61523400000078,143.84619099999964,151.41015599999992,135.38476599999922,116.2822270000006,148.7177729999994,148.20507799999996,135.0,115.12841800000024,207.56396500000028,134.7436520000001,156.2822270000006,146.41015599999992
290,160.89746099999957,153.0771479999994,142.6923829999996,149.48730499999965,129.61523400000078,116.9228520000006,143.7177729999994,144.87158199999976,128.20507799999996,107.30761700000039,203.3334960000002,132.3076170000004,148.9741210000002,142.3076170000004
291,164.3588869999994,157.17968800000017,147.17968800000017,152.94873000000007,137.3076170000004,117.30761700000039,145.6411130000006,146.9228520000006,132.82031300000017,110.51269500000035,203.84619099999964,133.46142599999985,152.6923829999996,145.12841800000024
292,169.23095699999976,166.79492200000004,152.17968800000017,153.9741210000002,150.0,117.43603499999972,150.38476599999922,150.38476599999922,141.53857400000015,118.58984400000008,204.87158199999976,136.15380900000036,162.17968800000017,150.6411130000006
293,167.94873000000007,171.6665039999998,152.3076170000004,146.2822270000006,155.6411130000006,117.17968800000017,152.43603499999972,150.12841800000024,144.3588869999994,122.56396500000028,202.05126999999993,137.05126999999993,167.17968800000017,151.41015599999992
294,158.7177729999994,166.0258789999998,146.79492200000004,132.17968800000017,150.2563479999999,116.79492200000004,149.3588869999994,144.61523400000078,137.6923829999996,118.9741210000002,195.38476599999922,135.0,162.43603499999972,144.61523400000078
295,148.46142599999985,154.87158199999976,140.38476599999922,122.05126999999993,141.9228520000006,116.41015599999992,144.61523400000078,138.0771479999994,127.30761700000039,113.20507799999996,189.7436520000001,131.6665039999998,152.94873000000007,134.87158199999976
296,145.76904300000024,149.61523400000078,139.61523400000078,125.64111300000059,141.6665039999998,116.15380900000036,142.82031300000017,136.6665039999998,122.82031300000017,112.82031300000017,190.76904300000024,130.0,149.23095699999976,131.0258789999998
297,153.0771479999994,156.41015599999992,146.15380900000036,142.43603499999972,151.0258789999998,116.0258789999998,145.38476599999922,142.17968800000017,128.0771479999994,120.25634799999989,198.7177729999994,131.6665039999998,156.53857400000015,137.56396500000028
298,163.3334960000002,169.3588869999994,154.87158199999976,160.51269500000035,158.9741210000002,116.0258789999998,149.10253900000043,150.38476599999922,137.6923829999996,129.87158199999976,207.82031300000017,135.2563479999999,169.48730499999965,149.61523400000078
299,166.41015599999992,176.0258789999998,158.20507799999996,165.38476599999922,153.7177729999994,115.89746099999957,148.7177729999994,153.46142599999985,141.79492200000004,132.43603499999972,210.2563479999999,136.9228520000006,176.79492200000004,157.3076170000004
300,158.3334960000002,169.10253900000043,152.82031300000017,152.43603499999972,135.76904300000024,115.51269500000035,142.56396500000028,147.3076170000004,135.89746099999957,124.74365200000011,203.7177729999994,134.48730499999965,172.17968800000017,154.7436520000001
301,146.15380900000036,154.3588869999994,143.58984400000008,132.3076170000004,119.10253900000043,115.25634799999989,135.12841800000024,136.53857400000015,125.0,112.94873000000007,194.23095699999976,130.12841800000024,160.89746099999957,145.6411130000006
302,141.0258789999998,146.15380900000036,138.3334960000002,121.15380900000036,118.20507799999996,115.25634799999989,133.3334960000002,130.6411130000006,119.61523400000078,107.69238299999961,190.51269500000035,128.0771479999994,154.10253900000043,139.87158199999976
303,147.82031300000017,153.46142599999985,141.2822270000006,126.53857400000015,134.61523400000078,115.76904300000024,139.61523400000078,135.0,125.25634799999989,114.10253900000043,196.2822270000006,130.2563479999999,158.7177729999994,142.94873000000007
304,161.2822270000006,171.53857400000015,149.61523400000078,141.9228520000006,156.2822270000006,116.6665039999998,149.61523400000078,145.89746099999957,137.6923829999996,127.43603499999972,206.53857400000015,135.0,170.89746099999957,152.17968800000017
305,170.76904300000024,186.9228520000006,156.6665039999998,154.3588869999994,168.20507799999996,117.43603499999972,156.2822270000006,155.0,148.0771479999994,137.82031300000017,213.3334960000002,138.7177729999994,180.76904300000024,159.23095699999976
306,169.7436520000001,188.58984400000008,157.17968800000017,155.6411130000006,164.87158199999976,118.20507799999996,155.2563479999999,155.76904300000024,149.48730499999965,138.46142599999985,212.05126999999993,139.3588869999994,180.76904300000024,158.9741210000002
307,159.61523400000078,176.6665039999998,151.15380900000036,146.53857400000015,151.0258789999998,118.58984400000008,146.79492200000004,148.0771479999994,142.56396500000028,130.0,203.3334960000002,137.17968800000017,171.53857400000015,151.79492200000004
308,148.7177729999994,160.89746099999957,143.20507799999996,135.0,138.0771479999994,118.3334960000002,136.0258789999998,137.6923829999996,132.94873000000007,119.23095699999976,192.82031300000017,133.20507799999996,160.51269500000035,143.3334960000002
309,146.41015599999992,154.61523400000078,140.12841800000024,130.38476599999922,136.2822270000006,117.56396500000028,130.0,132.94873000000007,128.7177729999994,114.87158199999976,188.46142599999985,130.2563479999999,157.43603499999972,141.15380900000036
310,155.6411130000006,163.20507799999996,145.38476599999922,136.9228520000006,148.0771479999994,117.05126999999993,134.3588869999994,138.3334960000002,134.7436520000001,121.79492200000004,194.87158199999976,130.89746099999957,166.41015599999992,148.3334960000002
311,170.12841800000024,179.7436520000001,156.0258789999998,149.7436520000001,165.51269500000035,116.9228520000006,147.82031300000017,150.89746099999957,148.20507799999996,136.2822270000006,208.46142599999985,135.2563479999999,181.0258789999998,160.2563479999999
312,178.0771479999994,188.9741210000002,164.48730499999965,158.0771479999994,175.12841800000024,117.05126999999993,162.94873000000007,161.41015599999992,159.48730499999965,147.6923829999996,219.48730499999965,140.2563479999999,189.23095699999976,166.41015599999992
313,171.79492200000004,180.12841800000024,163.7177729999994,154.61523400000078,167.82031300000017,116.79492200000004,169.7436520000001,161.79492200000004,158.58984400000008,146.2822270000006,218.84619099999964,141.2822270000006,182.43603499999972,159.3588869999994
314,153.20507799999996,155.12841800000024,152.94873000000007,140.2563479999999,145.76904300000024,116.2822270000006,163.3334960000002,150.76904300000024,143.58984400000008,130.76904300000024,205.0,135.89746099999957,162.43603499999972,140.76904300000024
315,132.82031300000017,128.0771479999994,137.82031300000017,123.20507799999996,120.38476599999922,115.64111300000059,147.56396500000028,135.2563479999999,122.43603499999972,109.10253900000043,185.0,126.53857400000015,140.89746099999957,120.76904300000024
316,122.05126999999993,115.51269500000035,126.53857400000015,112.56396500000028,105.38476599999922,115.51269500000035,131.6665039999998,124.87158199999976,107.69238299999961,93.84619099999964,169.10253900000043,118.20507799999996,130.6411130000006,110.25634799999989
317,126.15380900000036,125.25634799999989,124.61523400000078,113.0771479999994,108.58984400000008,116.15380900000036,125.0,125.0,108.20507799999996,94.10253900000043,165.12841800000024,115.38476599999922,137.56396500000028,114.61523400000078
318,140.76904300000024,151.2822270000006,131.79492200000004,123.46142599999985,128.0771479999994,117.43603499999972,130.0,133.7177729999994,122.94873000000007,109.48730499999965,173.20507799999996,119.48730499999965,157.17968800000017,130.38476599999922
319,155.6411130000006,178.0771479999994,142.17968800000017,137.43603499999972,153.0771479999994,118.7177729999994,141.15380900000036,143.3334960000002,141.41015599999992,130.2563479999999,186.9228520000006,127.56396500000028,177.56396500000028,148.0771479999994
320,162.05126999999993,190.89746099999957,148.7177729999994,147.43603499999972,170.51269500000035,118.9741210000002,148.84619099999964,146.15380900000036,151.6665039999998,143.46142599999985,196.79492200000004,134.87158199999976,186.6665039999998,157.94873000000007
321,157.94873000000007,185.51269500000035,147.56396500000028,149.23095699999976,172.82031300000017,117.94873000000007,146.79492200000004,140.2563479999999,148.20507799999996,142.3076170000004,197.3076170000004,137.3076170000004,180.12841800000024,155.76904300000024
322,148.9741210000002,169.48730499999965,141.53857400000015,144.87158199999976,162.56396500000028,116.0258789999998,137.05126999999993,130.76904300000024,136.0258789999998,130.51269500000035,191.0258789999998,134.48730499999965,164.48730499999965,145.89746099999957
323,144.23095699999976,156.53857400000015,137.3076170000004,141.2822270000006,150.0,114.35888699999941,128.3334960000002,126.0258789999998,126.2822270000006,119.61523400000078,186.41015599999992,130.0,152.6923829999996,138.58984400000008
324,149.10253900000043,156.0258789999998,140.2563479999999,144.87158199999976,144.3588869999994,113.84619099999964,128.84619099999964,131.15380900000036,127.82031300000017,119.23095699999976,190.0,128.46142599999985,154.48730499999965,141.41015599999992
325,161.41015599999992,166.9228520000006,149.23095699999976,155.6411130000006,146.53857400000015,114.74365200000011,139.3588869999994,143.3334960000002,139.7436520000001,128.7177729999994,200.38476599999922,131.6665039999998,168.20507799999996,153.7177729999994
326,172.3076170000004,180.2563479999999,157.6923829999996,165.76904300000024,149.3588869999994,116.41015599999992,152.05126999999993,153.58984400000008,152.3076170000004,138.7177729999994,209.23095699999976,137.3076170000004,182.94873000000007,166.41015599999992
327,173.9741210000002,187.17968800000017,159.3588869999994,165.76904300000024,145.89746099999957,117.30761700000039,157.3076170000004,154.48730499999965,155.51269500000035,140.0,209.23095699999976,141.15380900000036,187.6923829999996,170.2563479999999
328,166.0258789999998,185.6411130000006,153.9741210000002,153.84619099999964,137.43603499999972,117.17968800000017,151.6665039999998,146.53857400000015,147.56396500000028,131.79492200000004,200.38476599999922,140.76904300000024,180.38476599999922,163.9741210000002
329,155.38476599999922,179.23095699999976,146.79492200000004,138.3334960000002,131.79492200000004,116.15380900000036,139.7436520000001,136.79492200000004,135.76904300000024,122.17968800000017,189.3588869999994,137.3076170000004,167.94873000000007,153.9741210000002
330,148.7177729999994,173.0771479999994,142.6923829999996,129.61523400000078,134.87158199999976,115.25634799999989,129.61523400000078,131.9228520000006,128.20507799999996,118.20507799999996,182.94873000000007,133.7177729999994,158.7177729999994,147.17968800000017
331,148.0771479999994,168.58984400000008,142.43603499999972,131.41015599999992,143.84619099999964,114.87158199999976,126.15380900000036,132.05126999999993,127.30761700000039,120.76904300000024,182.17968800000017,131.6665039999998,155.89746099999957,144.7436520000001
332,150.38476599999922,164.87158199999976,143.3334960000002,138.20507799999996,149.48730499999965,115.25634799999989,128.58984400000008,132.56396500000028,129.3588869999994,124.87158199999976,183.3334960000002,131.15380900000036,157.17968800000017,144.23095699999976
333,151.6665039999998,161.2822270000006,142.56396500000028,141.53857400000015,145.38476599999922,116.0258789999998,133.3334960000002,130.0,129.23095699999976,125.76904300000024,182.56396500000028,131.2822270000006,158.20507799999996,143.46142599999985
334,150.76904300000024,158.0771479999994,139.3588869999994,137.05126999999993,132.56396500000028,116.79492200000004,136.79492200000004,124.87158199999976,124.87158199999976,122.56396500000028,179.10253900000043,131.53857400000015,156.6665039999998,141.9228520000006
335,147.82031300000017,155.12841800000024,134.7436520000001,127.17968800000017,118.84619099999964,116.6665039999998,137.43603499999972,120.12841800000024,118.3334960000002,116.2822270000006,174.23095699999976,131.79492200000004,152.17968800000017,139.7436520000001
336,143.7177729999994,151.9228520000006,130.89746099999957,118.84619099999964,112.94873000000007,115.76904300000024,135.2563479999999,118.0771479999994,112.43603499999972,109.23095699999976,170.2563479999999,131.41015599999992,146.2822270000006,137.05126999999993
337,140.2563479999999,148.9741210000002,129.48730499999965,117.69238299999961,118.9741210000002,115.0,131.6665039999998,119.48730499999965,110.0,103.9741210000002,168.58984400000008,130.2563479999999,142.17968800000017,134.61523400000078
338,139.3588869999994,147.6923829999996,131.79492200000004,123.9741210000002,134.10253900000043,115.51269500000035,129.10253900000043,124.10253900000043,112.43603499999972,103.20507799999996,170.12841800000024,129.10253900000043,142.94873000000007,134.23095699999976
339,141.6665039999998,150.0,136.79492200000004,133.0771479999994,150.12841800000024,116.9228520000006,129.7436520000001,130.89746099999957,119.61523400000078,107.69238299999961,174.48730499999965,129.48730499999965,149.7436520000001,137.3076170000004
340,145.51269500000035,155.0,141.79492200000004,139.61523400000078,158.7177729999994,118.20507799999996,133.58984400000008,137.82031300000017,128.9741210000002,114.35888699999941,180.2563479999999,131.6665039999998,158.9741210000002,142.3076170000004
341,147.82031300000017,159.48730499999965,143.9741210000002,140.6411130000006,155.89746099999957,118.0771479999994,137.6923829999996,141.79492200000004,136.0258789999998,118.9741210000002,184.23095699999976,133.9741210000002,165.0,145.89746099999957
342,146.2822270000006,159.48730499999965,142.17968800000017,137.3076170000004,144.61523400000078,116.41015599999992,138.46142599999985,141.53857400000015,136.9228520000006,118.7177729999994,183.20507799999996,134.3588869999994,163.46142599999985,145.12841800000024
343,141.15380900000036,153.84619099999964,137.56396500000028,131.79492200000004,132.05126999999993,114.10253900000043,134.3588869999994,137.56396500000028,130.76904300000024,114.23095699999976,175.76904300000024,132.17968800000017,154.48730499999965,139.48730499999965
344,135.0,145.89746099999957,132.3076170000004,127.05126999999993,125.0,112.30761700000039,128.0771479999994,132.17968800000017,120.89746099999957,107.56396500000028,163.7177729999994,128.46142599999985,141.53857400000015,130.89746099999957
345,130.51269500000035,140.76904300000024,128.84619099999964,124.48730499999965,125.64111300000059,112.43603499999972,123.84619099999964,128.84619099999964,113.20507799999996,102.05126999999993,152.82031300000017,125.38476599999922,130.12841800000024,123.46142599999985
346,129.3588869999994,140.89746099999957,128.3334960000002,125.0,130.76904300000024,114.10253900000043,125.25634799999989,129.48730499999965,113.20507799999996,100.51269500000035,149.3588869999994,124.74365200000011,124.74365200000011,120.76904300000024
347,131.6665039999998,144.7436520000001,130.89746099999957,128.0771479999994,134.87158199999976,116.2822270000006,131.15380900000036,133.7177729999994,121.79492200000004,103.7177729999994,154.10253900000043,126.53857400000015,126.53857400000015,123.84619099999964
348,134.7436520000001,147.94873000000007,133.9741210000002,130.76904300000024,133.58984400000008,117.30761700000039,136.9228520000006,137.94873000000007,133.46142599999985,108.7177729999994,161.9228520000006,129.10253900000043,131.6665039999998,129.61523400000078
349,135.89746099999957,147.43603499999972,134.87158199999976,129.3588869999994,127.05126999999993,116.79492200000004,137.43603499999972,138.46142599999985,140.12841800000024,111.41015599999992,166.0258789999998,130.51269500000035,134.87158199999976,133.46142599999985
350,134.48730499999965,144.7436520000001,133.20507799999996,122.56396500000028,120.12841800000024,115.89746099999957,132.6923829999996,135.12841800000024,137.56396500000028,110.12841800000024,164.87158199999976,130.51269500000035,134.61523400000078,133.0771479999994
351,133.9741210000002,144.61523400000078,132.05126999999993,115.51269500000035,119.48730499999965,115.12841800000024,128.58984400000008,132.82031300000017,130.12841800000024,108.0771479999994,162.94873000000007,130.89746099999957,135.2563479999999,132.05126999999993
352,138.20507799999996,150.51269500000035,135.2563479999999,116.0258789999998,128.46142599999985,114.74365200000011,132.43603499999972,136.53857400000015,126.15380900000036,110.76904300000024,165.51269500000035,134.3588869999994,141.6665039999998,135.89746099999957
353,147.43603499999972,161.6665039999998,142.94873000000007,127.30761700000039,144.3588869999994,114.48730499999965,145.89746099999957,147.43603499999972,131.15380900000036,120.38476599999922,173.46142599999985,141.2822270000006,154.23095699999976,146.15380900000036
354,156.6665039999998,171.79492200000004,150.12841800000024,143.0771479999994,158.58984400000008,114.35888699999941,161.79492200000004,159.7436520000001,141.9228520000006,132.82031300000017,181.53857400000015,147.94873000000007,165.89746099999957,157.3076170000004
355,158.0771479999994,173.9741210000002,150.6411130000006,151.53857400000015,162.56396500000028,114.23095699999976,169.10253900000043,165.12841800000024,149.10253900000043,140.76904300000024,182.3076170000004,148.84619099999964,168.58984400000008,160.76904300000024
356,148.3334960000002,165.0,142.05126999999993,143.84619099999964,152.82031300000017,114.10253900000043,160.6411130000006,158.7177729999994,145.51269500000035,138.9741210000002,172.43603499999972,141.41015599999992,158.84619099999964,151.79492200000004
357,131.0258789999998,147.17968800000017,128.0771479999994,122.30761700000039,133.20507799999996,113.46142599999985,139.10253900000043,142.56396500000028,131.2822270000006,127.82031300000017,155.89746099999957,128.46142599999985,141.15380900000036,133.20507799999996
358,114.61523400000078,127.94873000000007,115.76904300000024,99.35888699999941,112.30761700000039,112.30761700000039,115.25634799999989,124.87158199999976,114.61523400000078,113.46142599999985,141.2822270000006,116.53857400000015,124.74365200000011,113.9741210000002
359,108.0771479999994,115.38476599999922,111.0258789999998,88.9741210000002,99.35888699999941,111.15380900000036,101.6665039999998,114.74365200000011,105.25634799999989,103.0771479999994,136.15380900000036,112.05126999999993,118.3334960000002,104.23095699999976
360,114.74365200000011,115.76904300000024,116.15380900000036,96.79492200000004,100.25634799999989,110.64111300000059,103.9741210000002,117.56396500000028,109.10253900000043,101.9228520000006,142.3076170000004,116.2822270000006,124.61523400000078,109.61523400000078
361,131.15380900000036,129.23095699999976,127.82031300000017,116.6665039999998,114.74365200000011,111.79492200000004,118.3334960000002,131.53857400000015,123.84619099999964,110.0,155.51269500000035,125.64111300000059,139.87158199999976,127.43603499999972
362,147.3076170000004,148.20507799999996,138.7177729999994,134.7436520000001,134.7436520000001,114.23095699999976,133.9741210000002,147.6923829999996,140.76904300000024,122.56396500000028,168.20507799999996,134.3588869999994,155.12841800000024,147.17968800000017
363,152.56396500000028,160.2563479999999,142.17968800000017,139.87158199999976,147.17968800000017,116.53857400000015,140.6411130000006,155.76904300000024,148.84619099999964,131.41015599999992,173.84619099999964,137.56396500000028,160.76904300000024,155.89746099999957
364,143.46142599999985,156.9228520000006,136.41015599999992,130.38476599999922,143.3334960000002,117.30761700000039,135.76904300000024,150.51269500000035,142.3076170000004,129.87158199999976,170.38476599999922,134.3588869999994,152.43603499999972,147.3076170000004
365,126.0258789999998,140.2563479999999,126.79492200000004,115.25634799999989,126.41015599999992,116.41015599999992,125.64111300000059,136.9228520000006,125.38476599999922,119.35888699999941,161.2822270000006,128.20507799999996,135.89746099999957,127.69238299999961
366,112.82031300000017,123.84619099999964,121.2822270000006,106.53857400000015,111.79492200000004,115.12841800000024,120.25634799999989,126.15380900000036,111.0258789999998,109.23095699999976,153.84619099999964,124.10253900000043,123.84619099999964,111.6665039999998
367,112.82031300000017,121.9228520000006,124.10253900000043,110.25634799999989,113.46142599999985,114.74365200000011,125.0,127.43603499999972,110.25634799999989,109.48730499999965,154.48730499999965,125.25634799999989,126.41015599999992,111.15380900000036
368,125.0,137.82031300000017,132.43603499999972,121.6665039999998,131.6665039999998,115.38476599999922,136.9228520000006,139.48730499999965,124.35888699999941,121.53857400000015,163.3334960000002,130.51269500000035,142.6923829999996,126.0258789999998
369,139.7436520000001,160.2563479999999,139.3588869999994,129.61523400000078,151.6665039999998,116.15380900000036,146.79492200000004,152.17968800000017,143.20507799999996,137.82031300000017,173.7177729999994,135.76904300000024,161.41015599999992,144.87158199999976
370,146.9228520000006,172.3076170000004,139.48730499999965,126.9228520000006,157.43603499999972,116.15380900000036,146.41015599999992,155.12841800000024,153.58984400000008,147.94873000000007,177.17968800000017,137.05126999999993,169.7436520000001,154.23095699999976
371,143.3334960000002,165.38476599999922,133.20507799999996,115.76904300000024,145.12841800000024,114.87158199999976,135.38476599999922,146.15380900000036,148.9741210000002,146.53857400000015,170.12841800000024,133.9741210000002,162.56396500000028,148.9741210000002
372,133.7177729999994,145.6411130000006,125.64111300000059,105.38476599999922,125.12841800000024,113.46142599999985,121.9228520000006,132.82031300000017,133.9741210000002,136.41015599999992,156.79492200000004,129.61523400000078,145.89746099999957,135.12841800000024
373,125.64111300000059,128.46142599999985,122.30761700000039,103.0771479999994,112.56396500000028,113.20507799999996,116.53857400000015,125.38476599999922,120.0,125.25634799999989,146.0258789999998,127.43603499999972,130.6411130000006,123.9741210000002
374,123.84619099999964,124.87158199999976,124.35888699999941,108.46142599999985,115.12841800000024,114.35888699999941,123.0771479999994,128.7177729999994,116.0258789999998,119.61523400000078,143.84619099999964,128.3334960000002,124.87158199999976,121.9228520000006
375,127.17968800000017,134.61523400000078,129.10253900000043,115.76904300000024,127.94873000000007,116.0258789999998,136.0258789999998,138.20507799999996,122.56396500000028,120.0,149.48730499999965,130.2563479999999,128.20507799999996,127.30761700000039
376,132.17968800000017,148.0771479999994,132.3076170000004,119.87158199999976,140.12841800000024,116.6665039999998,146.0258789999998,145.6411130000006,133.3334960000002,123.3334960000002,157.43603499999972,131.41015599999992,134.3588869999994,133.46142599999985
377,136.2822270000006,155.6411130000006,132.17968800000017,121.0258789999998,145.38476599999922,116.41015599999992,147.56396500000028,146.15380900000036,140.6411130000006,126.6665039999998,163.20507799999996,131.15380900000036,137.05126999999993,135.89746099999957
378,139.48730499999965,154.7436520000001,130.12841800000024,123.58984400000008,145.89746099999957,116.2822270000006,142.94873000000007,142.43603499999972,142.05126999999993,129.61523400000078,165.76904300000024,130.38476599999922,136.0258789999998,135.38476599999922
379,143.46142599999985,150.12841800000024,129.23095699999976,130.6411130000006,148.0771479999994,116.53857400000015,139.10253900000043,140.2563479999999,139.87158199999976,133.9741210000002,167.05126999999993,130.76904300000024,135.38476599999922,135.76904300000024
380,148.0771479999994,148.3334960000002,131.79492200000004,140.6411130000006,153.9741210000002,116.6665039999998,140.0,143.3334960000002,138.9741210000002,140.51269500000035,168.9741210000002,132.82031300000017,139.3588869999994,139.23095699999976
381,151.0258789999998,151.6665039999998,136.2822270000006,147.3076170000004,159.48730499999965,116.2822270000006,143.9741210000002,149.3588869999994,141.0258789999998,146.9228520000006,171.6665039999998,135.51269500000035,147.3076170000004,144.3588869999994
382,149.23095699999976,156.79492200000004,139.10253900000043,144.87158199999976,158.20507799999996,115.76904300000024,145.12841800000024,151.6665039999998,142.6923829999996,148.0771479999994,172.05126999999993,137.05126999999993,153.84619099999964,146.6665039999998
383,141.6665039999998,157.6923829999996,137.05126999999993,132.94873000000007,147.94873000000007,115.89746099999957,139.10253900000043,145.38476599999922,138.46142599999985,140.12841800000024,165.51269500000035,135.2563479999999,152.56396500000028,142.82031300000017
